Date,NAAIM,NAAIM_MA20,SP500_Price_x,SP500_Price_y,SP500_Price
2006-07-05,19.44,,1270.9100341796875,1270.9100341796875,1270.9100341796875
2006-07-05,19.444444444444443,,1270.9100341796875,1270.9100341796875,1270.9100341796875
2006-07-12,31.2,,1258.5999755859375,1258.5999755859375,1258.5999755859375
2006-07-12,31.2,,1258.5999755859375,1258.5999755859375,1258.5999755859375
2006-07-19,18.76,,1259.81005859375,1259.81005859375,1259.81005859375
2006-07-26,17.375,,1268.4000244140625,1268.4000244140625,1268.4000244140625
2006-08-02,44.23333333333333,,1277.4100341796875,1277.4100341796875,1277.4100341796875
2006-08-09,45.01875,,1265.949951171875,1265.949951171875,1265.949951171875
2006-08-16,38.6,,1295.4300537109375,1295.4300537109375,1295.4300537109375
2006-08-23,42.095238095238095,,1292.989990234375,1292.989990234375,1292.989990234375
2006-08-30,42.095238095238095,,1305.3699951171875,1305.3699951171875,1305.3699951171875
2006-09-06,49.38095238095238,,1300.260009765625,1300.260009765625,1300.260009765625
2006-09-13,45.8,,1318.0699462890625,1318.0699462890625,1318.0699462890625
2006-09-20,78.0,,1325.1800537109375,1325.1800537109375,1325.1800537109375
2006-09-27,49.90476190476191,,1336.5899658203125,1336.5899658203125,1336.5899658203125
2006-10-04,69.7,,1350.199951171875,1350.199951171875,1350.199951171875
2006-10-11,60.09090909090909,,1349.949951171875,1349.949951171875,1349.949951171875
2006-10-18,84.4090909090909,,1365.800048828125,1365.800048828125,1365.800048828125
2006-10-25,80.16,,1382.219970703125,1382.219970703125,1382.219970703125
2006-11-01,80.95833333333333,47.393302579365084,1367.81005859375,1367.81005859375,1367.81005859375
2006-11-08,73.95652173913044,50.1191286663216,1385.719970703125,1385.719970703125,1385.719970703125
2006-11-15,68.0952380952381,52.55166834886129,1396.5699462890625,1396.5699462890625,1396.5699462890625
2006-11-22,92.42857142857144,55.613096920289856,1406.0899658203125,1406.0899658203125,1406.0899658203125
2006-11-29,86.66821428571428,58.38650763457557,1399.47998046875,1399.47998046875,1399.47998046875
2006-12-06,74.73076923076923,61.18504609611402,1412.9000244140625,1412.9000244140625,1412.9000244140625
2006-12-13,93.0,64.96629609611402,1413.2099609375,1413.2099609375,1413.2099609375
2006-12-20,92.9090909090909,67.4000839749019,1423.530029296875,1423.530029296875,1423.530029296875
2006-12-27,85.17391304347827,69.40784212707582,1426.8399658203125,1426.8399658203125,1426.8399658203125
2007-01-03,100.04761904761904,72.48022307945678,1416.5999755859375,1416.5999755859375,1416.5999755859375
2007-01-10,58.88461538461539,73.31969194392565,1414.8499755859375,1414.8499755859375,1414.8499755859375
2007-01-17,84.89473684210526,75.45966688126899,1430.6199951171875,1430.6199951171875,1430.6199951171875
2007-01-24,72.5909090909091,76.62016471676682,1440.1300048828125,1440.1300048828125,1440.1300048828125
2007-01-31,80.75,78.36766471676682,1438.239990234375,1438.239990234375,1438.239990234375
2007-02-07,82.0,78.56766471676683,1450.02001953125,1450.02001953125,1450.02001953125
2007-02-14,79.0909090909091,80.0269720760742,1455.300048828125,1455.300048828125,1455.300048828125
2007-02-21,73.68181818181819,80.2260629851651,1457.6300048828125,1457.6300048828125,1457.6300048828125
2007-02-28,89.33333333333333,81.68818419728632,1406.8199462890625,1406.8199462890625,1406.8199462890625
2007-03-07,52.4,80.08772965183176,1391.969970703125,1391.969970703125,1391.969970703125
2007-03-14,38.05263157894737,77.98236123077913,1387.1700439453125,1387.1700439453125,1387.1700439453125
2007-03-21,47.69565217391305,76.31922717280813,1435.0400390625,1435.0400390625,1435.0400390625
2007-03-28,44.54166666666666,74.84848441918493,1417.22998046875,1417.22998046875,1417.22998046875
2007-04-04,45.65384615384615,73.72641482211534,1439.3699951171875,1439.3699951171875,1439.3699951171875
2007-04-11,59.32,72.07098625068677,1438.8699951171875,1438.8699951171875,1438.8699951171875
2007-04-18,54.142857142857146,70.44471839354391,1472.5,1472.5,1472.5
2007-04-25,75.42307692307692,70.47933377815929,1495.4200439453125,1495.4200439453125,1495.4200439453125
2007-05-02,82.66666666666667,69.96266711149264,1495.9200439453125,1495.9200439453125,1495.9200439453125
2007-05-09,73.83333333333333,69.00887923270474,1512.5799560546875,1512.5799560546875,1512.5799560546875
2007-05-16,87.375,69.11893358053084,1514.1400146484375,1514.1400146484375,1514.1400146484375
2007-05-23,82.5,68.24155262814989,1522.280029296875,1522.280029296875,1522.280029296875
2007-05-30,80.54545454545455,69.32459458619184,1530.22998046875,1530.22998046875,1530.22998046875
2007-06-06,57.63333333333333,67.96152441075324,1517.3800048828125,1517.3800048828125,1517.3800048828125
2007-06-13,53.04,66.98397895620779,1515.6700439453125,1515.6700439453125,1515.6700439453125
2007-06-20,61.47222222222222,66.0200900673189,1512.8399658203125,1512.8399658203125,1512.8399658203125
2007-06-27,74.2258064516129,65.63138038989955,1506.3399658203125,1506.3399658203125,1506.3399658203125
2007-07-05,56.0625,64.47995993535409,1525.4000244140625,1525.4000244140625,1525.4000244140625
2007-07-11,62.39393939393939,63.91556599596015,1518.760009765625,1518.760009765625,1518.760009765625
2007-07-18,74.13333333333334,63.155565995960146,1546.1700439453125,1546.1700439453125,1546.1700439453125
2007-07-25,40.58064516129032,62.564598254024666,1518.0899658203125,1518.0899658203125,1518.0899658203125
2007-08-01,39.0,62.61196667507729,1465.81005859375,1465.81005859375,1465.81005859375
2007-08-08,43.81818181818182,62.41809315729074,1497.489990234375,1497.489990234375,1497.489990234375
2007-08-15,21.25,61.2535098239574,1406.699951171875,1406.699951171875,1406.699951171875
2007-08-22,38.1875,60.880192516265105,1464.0699462890625,1464.0699462890625,1464.0699462890625
2007-08-29,-2.111111111111111,57.80863696070954,1463.760009765625,1463.760009765625,1463.760009765625
2007-09-05,39.625,57.08274410356669,1472.2900390625,1472.2900390625,1472.2900390625
2007-09-12,46.55172413793103,55.63917646430939,1471.56005859375,1471.56005859375,1471.56005859375
2007-09-19,63.5,54.68084313097605,1529.030029296875,1529.030029296875,1529.030029296875
2007-09-26,77.36363636363636,54.85735828249121,1525.4200439453125,1525.4200439453125,1525.4200439453125
2007-10-03,75.49484848484849,54.263350706733625,1539.5899658203125,1539.5899658203125,1539.5899658203125
2007-10-10,66.43333333333334,53.4600173734003,1562.469970703125,1562.469970703125,1562.469970703125
2007-10-17,86.46428571428571,53.75595893184186,1541.239990234375,1541.239990234375,1541.239990234375
2007-10-24,69.14285714285714,54.331435122318055,1515.8800048828125,1515.8800048828125,1515.8800048828125
2007-10-31,65.6923076923077,54.96405050693344,1549.3800048828125,1549.3800048828125,1549.3800048828125
2007-11-07,84.44444444444444,56.112661618044534,1475.6199951171875,1475.6199951171875,1475.6199951171875
2007-11-14,68.34615384615384,55.81867898777159,1470.5799560546875,1470.5799560546875,1470.5799560546875
2007-11-21,51.04166666666666,55.567637321104925,1416.77001953125,1416.77001953125,1416.77001953125
2007-11-28,51.07142857142857,55.00151177997939,1469.02001953125,1469.02001953125,1469.02001953125
2007-12-05,69.43333333333334,54.766511779979375,1485.010009765625,1485.010009765625,1485.010009765625
2007-12-12,73.57142857142857,56.416050950486294,1486.5899658203125,1486.5899658203125,1486.5899658203125
2007-12-19,56.26923076923077,57.27951248894783,1453.0,1453.0,1453.0
2007-12-26,74.78571428571429,58.82788911232446,1497.6600341796875,1497.6600341796875,1497.6600341796875
2008-01-02,83.55172413793103,61.94297531922101,1447.1600341796875,1447.1600341796875,1447.1600341796875
2008-01-09,41.44827586206897,62.106014112324466,1409.1300048828125,1409.1300048828125,1409.1300048828125
2008-01-16,12.919354838709678,62.85753740981549,1373.199951171875,1373.199951171875,1373.199951171875
2008-01-23,39.91176470588236,62.87187564510962,1338.5999755859375,1338.5999755859375,1338.5999755859375
2008-01-30,25.62962962962963,61.825770919694534,1355.81005859375,1355.81005859375,1355.81005859375
2008-02-06,30.892857142857142,60.19541377683739,1326.449951171875,1326.449951171875,1326.449951171875
2008-02-13,15.333333333333334,57.093898625322254,1367.2099609375,1367.2099609375,1367.2099609375
2008-02-20,33.666666666666664,55.00248953441316,1360.030029296875,1360.030029296875,1360.030029296875
2008-02-27,13.962962962962964,52.378971015894635,1380.02001953125,1380.02001953125,1380.02001953125
2008-03-05,38.34375,49.97294423018035,1333.699951171875,1333.699951171875,1333.699951171875
2008-03-12,45.28,48.7798013730375,1308.77001953125,1308.77001953125,1308.77001953125
2008-03-19,44.0,47.69518598842211,1298.4200439453125,1298.4200439453125,1298.4200439453125
2008-03-26,26.6896551724138,44.80744652482058,1341.1300048828125,1341.1300048828125,1341.1300048828125
2008-04-02,42.07142857142857,43.49371026108432,1367.530029296875,1367.530029296875,1367.530029296875
2008-04-09,46.92,43.287626927750985,1354.489990234375,1354.489990234375,1354.489990234375
2008-04-16,49.86111111111112,43.22711105473512,1364.7099609375,1364.7099609375,1364.7099609375
2008-04-23,59.26923076923077,42.718905926529985,1379.9300537109375,1379.9300537109375,1379.9300537109375
2008-05-01,74.47058823529412,42.76386390972326,1409.3399658203125,1409.3399658203125,1409.3399658203125
2008-05-07,66.03703703703704,43.252254223113574,1392.5699462890625,1392.5699462890625,1392.5699462890625
2008-05-14,56.41025641025641,42.33348132934068,1408.6600341796875,1408.6600341796875,1408.6600341796875
2008-05-21,68.72413793103448,41.59210201899585,1390.7099609375,1390.7099609375,1390.7099609375
2008-05-28,69.48484848484848,42.99393065013483,1390.8399658203125,1390.8399658203125,1390.8399658203125
2008-06-04,58.15151515151515,45.255538665775106,1377.199951171875,1377.199951171875,1377.199951171875
2008-06-11,36.45945945945946,45.082923403453954,1335.489990234375,1335.489990234375,1335.489990234375
2008-06-18,44.22222222222222,46.01255303308359,1337.81005859375,1337.81005859375,1337.81005859375
2008-06-25,32.0,46.067910175940725,1321.969970703125,1321.969970703125,1321.969970703125
2008-07-02,28.02777777777778,46.70263239816295,1261.52001953125,1261.52001953125,1261.52001953125
2008-07-09,2.0285714285714285,45.12072763625819,1244.68994140625,1244.68994140625,1244.68994140625
2008-07-16,10.216216216216216,44.933390298920855,1245.3599853515625,1245.3599853515625,1245.3599853515625
2008-07-23,13.8125,43.706827798920855,1282.18994140625,1282.18994140625,1282.18994140625
2008-07-30,12.56,42.07082779892085,1284.260009765625,1284.260009765625,1284.260009765625
2008-08-06,18.303030303030305,40.78597931407237,1289.18994140625,1289.18994140625,1289.18994140625
2008-08-13,33.270270270270274,41.11501006896519,1285.8299560546875,1285.8299560546875,1285.8299560546875
2008-08-21,39.76470588235294,40.99967393451141,1277.719970703125,1277.719970703125,1277.719970703125
2008-08-27,30.02857142857143,40.15510250593998,1281.6600341796875,1281.6600341796875,1281.6600341796875
2008-09-03,29.91891891891892,39.15799289633037,1274.97998046875,1274.97998046875,1274.97998046875
2008-09-10,28.319444444444443,37.610503580091056,1232.0400390625,1232.0400390625,1232.0400390625
2008-09-17,16.085714285714285,34.691259882612066,1156.3900146484375,1156.3900146484375,1156.3900146484375
2008-09-24,19.11111111111111,32.34496358631577,1185.8699951171875,1185.8699951171875,1185.8699951171875
2008-10-01,16.26829268292683,30.337865399949287,1161.06005859375,1161.06005859375,1161.06005859375
2008-10-08,-2.9722222222222223,26.753047392286447,984.9400024414062,984.9400024414062,984.9400024414062
2008-10-15,18.0,24.178804968044027,907.8400268554688,907.8400268554688,907.8400268554688
2008-10-22,8.368421052631579,21.68965026309985,896.780029296875,896.780029296875,896.780029296875
2008-10-29,10.0,20.366677290126876,930.0900268554688,930.0900268554688,930.0900268554688
2008-11-05,9.617647058823527,18.63644853195694,952.77001953125,952.77001953125,952.77001953125
2008-11-12,15.06060606060606,17.789478834987243,852.2999877929688,852.2999877929688,852.2999877929688
2008-11-19,11.705882352941176,16.973384063745414,806.5800170898438,806.5800170898438,806.5800170898438
2008-11-26,9.666666666666666,17.355288825650177,887.6799926757812,887.6799926757812,887.6799926757812
2008-12-03,9.647058823529411,17.326830956015836,870.739990234375,870.739990234375,870.739990234375
2008-12-10,3.6774193548387095,16.820076923757775,899.239990234375,899.239990234375,899.239990234375
2008-12-17,14.428571428571429,16.913505495186346,904.4199829101562,904.4199829101562,904.4199829101562
2008-12-24,24.41176470588235,17.218942215328944,868.1500244140625,868.1500244140625,868.1500244140625
2008-12-31,22.05555555555556,16.65820647959321,903.25,903.25,903.25
2009-01-07,29.085714285714285,16.124256899761278,906.6500244140624,906.6500244140624,906.6500244140625
2009-01-14,26.51428571428572,15.94854261404699,842.6199951171875,842.6199951171875,842.6199951171875
2009-01-21,19.666666666666668,15.43593000143438,840.239990234375,840.239990234375,840.239990234375
2009-01-28,20.223529411764705,15.031134249800393,874.0900268554688,874.0900268554688,874.0900268554688
2009-02-04,17.8,15.116848535514677,832.22998046875,832.22998046875,832.22998046875
2009-02-11,24.142857142857142,15.36843583710198,833.739990234375,833.739990234375,833.739990234375
2009-02-18,25.97297297297297,15.853669851604286,788.4199829101562,788.4199829101562,788.4199829101562
2009-02-25,13.352941176470589,16.66992802153893,764.9000244140625,764.9000244140625,764.9000244140625
2009-03-04,2.147058823529412,15.877280962715398,712.8699951171875,712.8699951171875,712.8699951171875
2009-03-11,4.228571428571429,15.670288481512392,721.3599853515625,721.3599853515625,721.3599853515625
2009-03-18,9.970588235294118,15.668817893277097,794.3499755859375,794.3499755859375,794.3499755859375
2009-03-25,47.75,17.57543554033592,813.8800048828125,813.8800048828125,813.8800048828125
2009-04-01,18.85483870967742,17.76514717278949,811.0800170898438,811.0800170898438,811.0800170898438
2009-04-08,35.303030303030305,18.945004570293946,825.1599731445312,825.1599731445312,825.1599731445312
2009-04-15,41.61111111111112,20.542226792516168,852.0599975585938,852.0599975585938,852.0599975585938
2009-04-22,22.666666666666668,21.19320718467303,843.5499877929688,843.5499877929688,843.5499877929688
2009-04-29,35.75757575757576,22.797215004809882,873.6400146484375,873.6400146484375,873.6400146484375
2009-05-06,33.18518518518518,23.73504569264057,919.530029296875,919.530029296875,919.530029296875
2009-05-13,56.81578947368421,25.355246931030663,883.9199829101562,883.9199829101562,883.9199829101562
2009-05-20,50.41463414634146,26.773200860569954,903.469970703125,903.469970703125,903.469970703125
2009-05-27,40.34146341463415,27.33598831701595,893.0599975585938,893.0599975585938,893.0599975585938
2009-06-03,51.46153846153846,28.583350954378584,931.760009765625,931.760009765625,931.760009765625
2009-06-10,64.8125,30.840642621045255,939.1500244140624,939.1500244140624,939.1500244140625
2009-06-17,49.92307692307692,32.32561999661086,910.7100219726562,910.7100219726562,910.7100219726562
2009-06-24,27.97222222222222,32.834231107721976,900.9400024414062,900.9400024414062,900.9400024414062
2009-07-01,35.666666666666664,33.41042158391245,923.3300170898438,923.3300170898438,923.3300170898438
2009-07-08,21.64864864864865,33.194205367696235,879.5599975585938,879.5599975585938,879.5599975585938
2009-07-15,22.60606060606061,33.656861339175734,932.6799926757812,932.6799926757812,932.6799926757812
2009-07-22,37.37837837837838,35.41842731691819,954.0700073242188,954.0700073242188,954.0700073242188
2009-07-29,37.41176470588236,37.077586980783735,975.1500244140624,975.1500244140624,975.1500244140625
2009-08-05,69.0,40.02905756901903,1002.719970703125,1002.719970703125,1002.719970703125
2009-08-12,51.5625,40.21968256901903,1005.8099975585938,1005.8099975585938,1005.8099975585938
2009-08-19,31.216216216216218,40.83775144434597,996.4600219726562,996.4600219726562,996.4600219726562
2009-08-26,55.21212121212121,41.83320598980051,1028.1199951171875,1028.1199951171875,1028.1199951171875
2009-09-02,54.70967741935484,42.4881343052127,994.75,994.75,994.75
2009-09-09,63.06060606060606,44.50783127490966,1033.3699951171875,1033.3699951171875,1033.3699951171875
2009-09-16,68.0,46.11995248703088,1068.760009765625,1068.760009765625,1068.760009765625
2009-09-23,80.63888888888889,48.49263767221606,1060.8699951171875,1060.8699951171875,1060.8699951171875
2009-09-30,86.4090909090909,49.972302743986404,1057.0799560546875,1057.0799560546875,1057.0799560546875
2009-10-07,67.85714285714286,50.844428179526474,1057.5799560546875,1057.5799560546875,1057.5799560546875
2009-10-14,74.38235294117646,52.546472655853584,1092.02001953125,1092.02001953125,1092.02001953125
2009-10-21,77.83333333333333,53.86506239944333,1081.4000244140625,1081.4000244140625,1081.4000244140625
2009-10-28,74.67567567567568,54.358221183227116,1042.6300048828125,1042.6300048828125,1042.6300048828125
2009-11-04,64.94444444444444,55.1092895592955,1046.5,1046.5,1046.5
2009-11-11,69.20588235294117,57.170972565831434,1098.510009765625,1098.510009765625,1098.510009765625
2009-11-18,65.5625,58.6657642324981,1109.800048828125,1109.800048828125,1109.800048828125
2009-11-25,67.06896551724138,60.93678007592773,1110.6300048828125,1110.6300048828125,1110.6300048828125
2009-12-02,82.1875,63.9158520456247,1109.239990234375,1109.239990234375,1109.239990234375
2009-12-09,68.74358974358974,65.48411261388529,1095.949951171875,1095.949951171875,1095.949951171875
2009-12-16,75.56756756756756,67.39190275696953,1109.1800537109375,1109.1800537109375,1109.1800537109375
2009-12-23,61.083333333333336,66.99606942363621,1120.5899658203125,1120.5899658203125,1120.5899658203125
2009-12-30,74.55882352941177,68.1458856001068,1126.4200439453125,1126.4200439453125,1126.4200439453125
2010-01-06,70.64864864864865,70.1175072217284,1137.1400146484375,1137.1400146484375,1137.1400146484375
2010-01-13,72.97435897435898,71.0056191098403,1145.6800537109375,1145.6800537109375,1145.6800537109375
2010-01-20,63.833333333333336,71.46180190553923,1138.0400390625,1138.0400390625,1138.0400390625
2010-01-27,61.9054054054054,71.40404187277919,1097.5,1097.5,1097.5
2010-02-03,33.17948717948718,69.66301623175356,1097.280029296875,1097.280029296875,1097.280029296875
2010-02-10,21.76315789473684,66.71922968204595,1068.1300048828125,1068.1300048828125,1068.1300048828125
2010-02-17,36.51428571428571,64.2244894223057,1099.510009765625,1099.510009765625,1099.510009765625
2010-02-24,44.54545454545455,63.058905006721275,1105.239990234375,1105.239990234375,1105.239990234375
2010-03-03,54.885714285714286,62.08407307394816,1118.7900390625,1118.7900390625,1118.7900390625
2010-03-10,51.18918918918919,60.75186586674096,1145.6099853515625,1145.6099853515625,1145.6099853515625
2010-03-17,77.3030303030303,60.88323359810869,1166.2099609375,1166.2099609375,1166.2099609375
2010-03-24,76.45161290322581,61.45859202104775,1167.719970703125,1167.719970703125,1167.719970703125
2010-03-31,83.26470588235294,62.16153319751835,1169.4300537109375,1169.4300537109375,1169.4300537109375
2010-04-07,85.91176470588235,63.17899643281247,1182.449951171875,1182.449951171875,1182.449951171875
2010-04-14,77.22222222222223,63.68665926806151,1210.6500244140625,1210.6500244140625,1210.6500244140625
2010-04-21,81.63888888888889,63.65922871250596,1205.93994140625,1205.93994140625,1205.93994140625
2010-04-28,83.90789473684211,64.41744396216856,1191.3599853515625,1191.3599853515625,1191.3599853515625
2010-05-05,67.89285714285714,64.03370844093305,1165.8699951171875,1165.8699951171875,1165.8699951171875
2010-05-12,42.38636363636363,63.09885995608456,1171.6700439453125,1171.6700439453125,1171.6700439453125
2010-05-19,40.38461538461539,61.39014954884474,1115.050048828125,1115.050048828125,1115.050048828125
2010-05-26,40.66666666666666,59.89105044974565,1067.949951171875,1067.949951171875,1067.949951171875
2010-06-02,27.05,57.59483250102769,1098.3800048828125,1098.3800048828125,1098.3800048828125
2010-06-09,34.76190476190476,56.14126107245627,1055.68994140625,1055.68994140625,1055.68994140625
2010-06-16,30.416666666666668,54.56682413551933,1114.6099853515625,1114.6099853515625,1114.6099853515625
2010-06-23,54.24324324324324,55.62001193870712,1092.0400390625,1092.0400390625,1092.0400390625
2010-06-30,36.054054054054056,56.334556746673,1030.7099609375,1030.7099609375,1030.7099609375
2010-07-07,13.473684210526317,55.18252667148503,1060.27001953125,1060.27001953125,1060.27001953125
2010-07-14,49.85,55.44775394421231,1095.1700439453125,1095.1700439453125,1095.1700439453125
2010-07-21,45.333333333333336,54.97013489659325,1069.5899658203125,1069.5899658203125,1069.5899658203125
2010-07-28,50.21212121212121,54.921281497739855,1106.1300048828125,1106.1300048828125,1106.1300048828125
2010-08-04,59.11111111111112,54.01168553814389,1127.239990234375,1127.239990234375,1127.239990234375
2010-08-11,54.67567567567568,52.92288867676639,1089.469970703125,1089.469970703125,1089.469970703125
2010-08-18,56.078947368421055,51.56360075106979,1094.1600341796875,1094.1600341796875,1094.1600341796875
2010-08-25,43.94444444444444,49.465234737997896,1055.3299560546875,1055.3299560546875,1055.3299560546875
2010-09-01,52.78378378378378,48.24331281607598,1080.2900390625,1080.2900390625,1080.2900390625
2010-09-08,48.26470588235294,46.57460366574918,1098.8699951171875,1098.8699951171875,1098.8699951171875
2010-09-15,42.30303030303031,44.494360444058586,1125.0699462890625,1125.0699462890625,1125.0699462890625
2010-09-22,55.294117647058826,43.86442346926867,1134.280029296875,1134.280029296875,1134.280029296875
2010-09-29,68.26470588235294,45.15834058156814,1144.72998046875,1144.72998046875,1144.72998046875
2010-10-06,76.41666666666667,46.9599431456707,1159.969970703125,1159.969970703125,1159.969970703125
2010-10-13,67.13513513513513,48.28336656909413,1178.0999755859375,1178.0999755859375,1178.0999755859375
2010-10-20,72.17142857142858,50.53943799766555,1178.1700439453125,1178.1700439453125,1178.1700439453125
2010-10-27,57.65625,51.68415525957032,1182.449951171875,1182.449951171875,1182.449951171875
2010-11-03,69.47058823529412,53.63685133800169,1197.9599609375,1197.9599609375,1197.9599609375
2010-11-11,71.45714285714286,54.49754631869666,1213.5400390625,1213.5400390625,1213.5400390625
2010-11-17,66.58974358974359,56.02433079548115,1178.5899658203125,1178.5899658203125,1178.5899658203125
2010-11-24,66.66666666666667,58.68397991828816,1198.3499755859375,1198.3499755859375,1198.3499755859375
2010-12-01,62.47222222222222,59.31509102939928,1206.0699462890625,1206.0699462890625,1206.0699462890625
2010-12-08,63.10526315789474,60.203687520627355,1228.280029296875,1228.280029296875,1228.280029296875
2010-12-15,74.74358974358974,61.43026094720077,1235.22998046875,1235.22998046875,1235.22998046875
2010-12-22,81.825,62.56595539164522,1258.8399658203125,1258.8399658203125,1258.8399658203125
2010-12-29,80.21212121212122,63.84277766846749,1259.780029296875,1259.780029296875,1259.780029296875
2011-01-05,78.51351351351352,64.96450597572212,1276.56005859375,1276.56005859375,1276.56005859375
2011-01-12,76.88095238095238,66.61133137254751,1285.9599609375,1285.9599609375,1285.9599609375
2011-01-19,70.82857142857142,67.5135707547869,1281.9200439453125,1281.9200439453125,1281.9200439453125
2011-01-26,76.17647058823529,68.90915899008101,1296.6300048828125,1296.6300048828125,1296.6300048828125
2011-02-02,82.125,70.90025747492949,1304.030029296875,1304.030029296875,1304.030029296875
2011-02-09,86.27777777777777,72.44944048146544,1320.8800048828125,1320.8800048828125,1320.8800048828125
2011-02-16,83.73170731707317,73.22279055320146,1336.3199462890625,1336.3199462890625,1336.3199462890625
2011-02-23,68.125,72.80820721986814,1307.4000244140625,1307.4000244140625,1307.4000244140625
2011-03-02,70.91666666666667,72.99728379644469,1308.43994140625,1308.43994140625,1308.43994140625
2011-03-09,75.34210526315789,73.15581763103117,1320.02001953125,1320.02001953125,1320.02001953125
2011-03-16,41.0,72.32300513103117,1256.8800048828125,1256.8800048828125,1256.8800048828125
2011-03-23,50.833333333333336,71.39114238593312,1297.5400390625,1297.5400390625,1297.5400390625
2011-03-30,70.91891891891892,71.36423118902192,1328.260009765625,1328.260009765625,1328.260009765625
2011-04-06,80.78787878787878,72.07413794892868,1335.5400390625,1335.5400390625,1335.5400390625
2011-04-13,80.63414634146342,72.77251193266852,1314.4100341796875,1314.4100341796875,1314.4100341796875
2011-04-20,82.95238095238095,73.79651986917646,1330.3599853515625,1330.3599853515625,1330.3599853515625
2011-04-27,81.9,74.73625671128173,1355.6600341796875,1355.6600341796875,1355.6600341796875
2011-05-04,76.12903225806451,74.80552883700547,1347.3199462890625,1347.3199462890625,1347.3199462890625
2011-05-11,74.6590909090909,74.44723338246001,1342.0799560546875,1342.0799560546875,1342.0799560546875
2011-05-18,68.41025641025641,73.85714014236677,1340.6800537109375,1340.6800537109375,1340.6800537109375
2011-05-25,58.93023255813954,72.87797609459807,1320.469970703125,1320.469970703125,1320.469970703125
2011-06-01,52.85714285714285,71.67678561840759,1314.550048828125,1314.550048828125,1314.550048828125
2011-06-08,42.79166666666666,70.27494038031236,1279.56005859375,1279.56005859375,1279.56005859375
2011-06-15,25.95238095238096,67.76373589851963,1265.4200439453125,1265.4200439453125,1265.4200439453125
2011-06-22,29.275,65.12123589851964,1287.1400146484375,1287.1400146484375,1287.1400146484375
2011-06-29,31.97560975609756,62.40612749743563,1307.4100341796875,1307.4100341796875,1307.4100341796875
2011-07-06,50.38709677419355,60.738896970291634,1339.219970703125,1339.219970703125,1339.219970703125
2011-07-13,53.93333333333333,60.02931363695831,1317.719970703125,1317.719970703125,1317.719970703125
2011-07-20,66.3076923076923,59.7988649190096,1325.8399658203125,1325.8399658203125,1325.8399658203125
2011-07-27,62.695128205128206,59.166516066108116,1304.8900146484375,1304.8900146484375,1304.8900146484375
2011-08-03,32.87179487179487,58.76010580969786,1260.3399658203125,1260.3399658203125,1260.3399658203125
2011-08-10,21.404761904761905,57.28867723826928,1120.760009765625,1120.760009765625,1120.760009765625
2011-08-17,28.77777777777778,55.181620181212224,1193.8900146484375,1193.8900146484375,1193.8900146484375
2011-08-24,20.17073170731708,52.15076282718413,1177.5999755859375,1177.5999755859375,1177.5999755859375
2011-08-31,22.19047619047619,49.228579319634775,1218.8900146484375,1218.8900146484375,1218.8900146484375
2011-09-07,25.31111111111111,46.34651582757128,1198.6199951171875,1198.6199951171875,1198.6199951171875
2011-09-14,26.77777777777778,43.59040471646018,1188.6800537109375,1188.6800537109375,1188.6800537109375
2011-09-21,27.90384615384616,41.17914541124925,1166.760009765625,1166.760009765625,1166.760009765625
2011-09-28,4.175,37.654940865794714,1151.06005859375,1151.06005859375,1151.06005859375
2011-10-05,-3.5609756097560976,34.05637926479408,1144.030029296875,1144.030029296875,1144.030029296875
2011-10-12,0.0,31.109867636887106,1207.25,1207.25,1207.25
2011-10-19,21.318181818181817,29.53291958493906,1209.8800048828125,1209.8800048828125,1209.8800048828125
2011-10-26,38.11627906976744,29.2991502050941,1242.0,1242.0,1242.0
2011-11-02,45.425,30.27278115747505,1237.9000244140625,1237.9000244140625,1237.9000244140625
2011-11-09,44.05128205128205,31.01159526003915,1229.0999755859375,1229.0999755859375,1229.0999755859375
2011-11-16,54.0,32.11281477223427,1236.9100341796875,1236.9100341796875,1236.9100341796875
2011-11-23,34.772368421052626,31.332078354577227,1161.7900390625,1161.7900390625,1161.7900390625
2011-11-30,30.02175,30.136499187910562,1246.9599609375,1246.9599609375,1246.9599609375
2011-12-07,34.8,28.561114572525945,1261.010009765625,1261.010009765625,1261.010009765625
2011-12-14,35.6945,27.211083162269535,1211.8199462890625,1211.8199462890625,1211.8199462890625
2011-12-21,36.62404761904762,27.398695799632172,1243.719970703125,1243.719970703125,1243.719970703125
2011-12-28,43.5609756097561,28.50650648488188,1249.6400146484375,1249.6400146484375,1249.6400146484375
2012-01-04,43.13636363636363,29.224435777811173,1277.300048828125,1277.300048828125,1277.300048828125
2012-01-11,49.34146341463415,30.682972363177026,1292.47998046875,1292.47998046875,1292.47998046875
2012-01-18,52.5,32.19844855365322,1308.0400390625,1308.0400390625,1308.0400390625
2012-01-25,56.333333333333336,33.749559664764334,1326.06005859375,1326.06005859375,1326.06005859375
2012-02-01,67.52272727272727,35.7868071395118,1324.0899658203125,1324.0899658203125,1324.0899658203125
2012-02-08,72.6590909090909,38.02456937727404,1349.9599609375,1349.9599609375,1349.9599609375
2012-02-15,73.0,41.46581937727404,1343.22998046875,1343.22998046875,1343.22998046875
2012-02-22,76.275,45.45761815776185,1357.6600341796875,1357.6600341796875,1357.6600341796875
2012-02-29,73.78048780487805,49.14664254800575,1365.6800537109375,1365.6800537109375,1365.6800537109375
2012-03-07,57.36842105263158,50.94915450972824,1352.6300048828125,1352.6300048828125,1352.6300048828125
2012-03-14,71.78947368421052,52.6328142404504,1394.280029296875,1394.280029296875,1394.280029296875
2012-03-21,68.64102564102564,53.79361552250168,1402.8900146484375,1402.8900146484375,1402.8900146484375
2012-03-28,71.97142857142858,55.189622848508996,1405.5400390625,1405.5400390625,1405.5400390625
2012-04-04,69.8157894736842,55.9804123221932,1398.9599609375,1398.9599609375,1398.9599609375
2012-04-11,51.92857142857143,56.83822247256914,1368.7099609375,1368.7099609375,1368.7099609375
2012-04-18,46.138888888888886,57.6440794170136,1385.1400146484375,1385.1400146484375,1385.1400146484375
2012-04-25,48.30677419354839,58.319418126691005,1390.68994140625,1390.68994140625,1390.68994140625
2012-05-02,63.68333333333333,59.71885979335768,1402.31005859375,1402.31005859375,1402.31005859375
2012-05-09,64.20868421052633,61.09809162293161,1354.5799560546875,1354.5799560546875,1354.5799560546875
2012-05-16,58.714,61.8557428424438,1324.800048828125,1324.800048828125,1324.800048828125
2012-05-23,31.78,61.28792466062563,1318.8599853515625,1318.8599853515625,1318.8599853515625
2012-05-30,28.651315789473685,60.2534172793676,1313.3199462890625,1313.3199462890625,1313.3199462890625
2012-06-06,49.32088235294117,60.09446139701466,1315.1300048828125,1315.1300048828125,1315.1300048828125
2012-06-13,43.629428571428576,59.45926615891942,1314.8800048828125,1314.8800048828125,1314.8800048828125
2012-06-20,52.33189189189189,58.69972438987766,1355.68994140625,1355.68994140625,1355.68994140625
2012-06-27,44.84411764705882,57.308975726776055,1331.8499755859375,1331.8499755859375,1331.8499755859375
2012-07-05,63.28064516129032,56.82300798484057,1367.5799560546875,1367.5799560546875,1367.5799560546875
2012-07-11,61.846388888888896,56.10157742928502,1341.449951171875,1341.449951171875,1341.449951171875
2012-07-18,67.73514285714286,55.799310181898264,1372.780029296875,1372.780029296875,1372.780029296875
2012-07-25,74.38878787878788,56.65032852320608,1337.8900146484375,1337.8900146484375,1337.8900146484375
2012-08-01,67.80486486486485,56.4510980822388,1375.3199462890625,1375.3199462890625,1375.3199462890625
2012-08-08,70.75333333333333,56.556713466854184,1402.219970703125,1402.219970703125,1402.219970703125
2012-08-15,76.25944444444445,56.771114260504966,1405.530029296875,1405.530029296875,1405.530029296875
2012-08-22,69.20545454545454,56.74059751409349,1413.489990234375,1413.489990234375,1413.489990234375
2012-08-29,82.894,58.28886894266492,1410.489990234375,1410.489990234375,1410.489990234375
2012-09-05,77.42564102564103,59.853206549502524,1403.43994140625,1403.43994140625,1403.43994140625
2012-09-12,72.99351351351352,61.08754351550078,1436.56005859375,1436.56005859375,1436.56005859375
2012-09-19,81.18612903225807,61.96268330044702,1461.050048828125,1461.050048828125,1461.050048828125
2012-09-26,69.75,62.2397490899207,1433.3199462890625,1433.3199462890625,1433.3199462890625
2012-10-03,76.02941176470588,63.105519678156,1450.989990234375,1450.989990234375,1450.989990234375
2012-10-10,64.59375,64.746207178156,1432.56005859375,1432.56005859375,1432.56005859375
2012-10-17,65.375,66.58239138868231,1460.9100341796875,1460.9100341796875,1460.9100341796875
2012-10-24,64.38514285714285,67.33560441389238,1408.75,1408.75,1408.75
2012-10-31,75.11314285714286,68.90979012817812,1412.1600341796875,1412.1600341796875,1412.1600341796875
2012-11-07,57.9530303030303,69.19084704873504,1394.530029296875,1394.530029296875,1394.530029296875
2012-11-14,67.22,70.30964116638208,1355.489990234375,1355.489990234375,1355.489990234375
2012-11-21,64.2,70.35560890831756,1391.030029296875,1391.030029296875,1391.030029296875
2012-11-28,55.18918918918919,70.02274892333257,1409.9300537109375,1409.9300537109375,1409.9300537109375
2012-12-05,75.71142857142857,70.42156320904687,1409.280029296875,1409.280029296875,1409.280029296875
2012-12-12,82.90555555555555,70.84740159288525,1428.47998046875,1428.47998046875,1428.47998046875
2012-12-19,80.18666666666667,71.46649168297533,1435.81005859375,1435.81005859375,1435.81005859375
2012-12-26,88.10344827586206,72.33399743010177,1419.8299560546875,1419.8299560546875,1419.8299560546875
2013-01-02,75.98088235294118,72.32006932552662,1462.4200439453125,1462.4200439453125,1462.4200439453125
2013-01-09,83.26666666666667,73.02312993158722,1461.02001953125,1461.02001953125,1461.02001953125
2013-01-16,84.6725,73.11205493158721,1472.6300048828125,1472.6300048828125,1472.6300048828125
2013-01-23,86.3839393939394,73.55996985000215,1494.81005859375,1494.81005859375,1494.81005859375
2013-01-30,104.25,75.12279417432646,1501.9599609375,1501.9599609375,1501.9599609375
2013-02-06,94.06060606060606,75.76651802574386,1512.1199951171875,1512.1199951171875,1512.1199951171875
2013-02-13,89.85387096774194,76.77171157413095,1520.3299560546875,1520.3299560546875,1520.3299560546875
2013-02-20,91.0665789473684,77.52356993326408,1511.949951171875,1511.949951171875,1511.949951171875
2013-02-27,82.765625,78.43216368326408,1515.989990234375,1515.989990234375,1515.989990234375
2013-03-06,90.14620689655172,79.67072402809167,1541.4599609375,1541.4599609375,1541.4599609375
2013-03-13,85.63793103448276,80.73336343695867,1554.52001953125,1554.52001953125,1554.52001953125
2013-03-20,79.76862068965517,80.96613732858428,1558.7099609375,1558.7099609375,1558.7099609375
2013-03-27,80.06363636363636,82.07166763161459,1562.8499755859375,1562.8499755859375,1562.8499755859375
2013-04-03,72.708,82.34606763161459,1553.68994140625,1553.68994140625,1553.68994140625
2013-04-10,77.25088235294118,82.99861174926164,1587.72998046875,1587.72998046875,1587.72998046875
2013-04-17,69.63,83.72065228980219,1552.010009765625,1552.010009765625,1552.010009765625
2013-04-24,69.90322580645162,83.43024215155333,1578.7900390625,1578.7900390625,1578.7900390625
2013-05-01,80.61290322580645,83.31560953506587,1582.699951171875,1582.699951171875,1582.699951171875
2013-05-08,79.10612903225807,83.26158265334546,1632.68994140625,1632.68994140625,1632.68994140625
2013-05-15,84.23193548387097,83.0680070137459,1658.780029296875,1658.780029296875,1658.780029296875
2013-05-22,82.01823529411764,83.36987466080471,1655.3499755859375,1655.3499755859375,1655.3499755859375
2013-05-29,77.19259259259259,83.06617095710101,1648.3599853515625,1648.3599853515625,1648.3599853515625
2013-06-05,51.58387096774193,81.41173950548811,1608.9000244140625,1608.9000244140625,1608.9000244140625
2013-06-12,61.897333333333336,80.18740920245781,1612.52001953125,1612.52001953125,1612.52001953125
2013-06-19,51.525357142857146,77.55117705960066,1628.9300537109375,1628.9300537109375,1628.9300537109375
2013-06-26,34.214285714285715,74.55886104228465,1603.260009765625,1603.260009765625,1603.260009765625
2013-07-03,39.91034482758621,72.06168473527687,1615.4100341796875,1615.4100341796875,1615.4100341796875
2013-07-10,47.0775,69.86223078790844,1652.6199951171875,1652.6199951171875,1652.6199951171875
2013-07-17,61.72916666666666,68.81040787124178,1680.9100341796875,1680.9100341796875,1680.9100341796875
2013-07-24,87.49680000000001,68.67793752641418,1685.93994140625,1685.93994140625,1685.93994140625
2013-07-31,74.05263157894737,68.09867255363743,1685.72998046875,1685.72998046875,1685.72998046875
2013-08-07,75.70370370370371,67.89542670433984,1690.9100341796875,1690.9100341796875,1690.9100341796875
2013-08-14,69.84615384615384,67.38455257846572,1685.3900146484375,1685.3900146484375,1685.3900146484375
2013-08-21,34.76470588235294,65.48738787258335,1642.800048828125,1642.800048828125,1642.800048828125
2013-08-28,46.92307692307692,63.970997601090154,1634.9599609375,1634.9599609375,1634.9599609375
2013-09-04,42.25925925925926,62.60246056405312,1653.0799560546875,1653.0799560546875,1653.0799560546875
2013-09-11,66.75,62.44479927373054,1689.1300048828125,1689.1300048828125,1689.1300048828125
2013-09-18,62.48148148148148,61.53822818651429,1725.52001953125,1725.52001953125,1725.52001953125
2013-09-25,80.46555555555554,61.60619951267917,1692.77001953125,1692.77001953125,1692.77001953125
2013-10-02,73.13333333333334,61.051269405152276,1693.8699951171875,1693.8699951171875,1693.8699951171875
2013-10-09,54.26086956521739,59.66340111870727,1656.4000244140625,1656.4000244140625,1656.4000244140625
2013-10-16,82.04545454545455,59.90604421635037,1721.5400390625,1721.5400390625,1721.5400390625
2013-10-23,79.37037037037037,61.295369186481786,1746.3800048828125,1746.3800048828125,1746.3800048828125
2013-10-30,94.5925925925926,62.93013214944475,1763.31005859375,1763.31005859375,1763.31005859375
2013-11-06,84.8076923076923,64.5942489076865,1770.489990234375,1770.489990234375,1770.489990234375
2013-11-13,80.66666666666667,66.91686795530555,1782.0,1782.0,1782.0
2013-11-20,87.42857142857143,69.29277928535483,1781.3699951171875,1781.3699951171875,1781.3699951171875
2013-11-27,101.44851851851853,72.01133021128075,1807.22998046875,1807.22998046875,1807.22998046875
2013-12-04,94.74875000000002,73.66230937794742,1792.81005859375,1792.81005859375,1792.81005859375
2013-12-11,100.69347826086955,74.32214329099088,1782.219970703125,1782.219970703125,1782.219970703125
2013-12-18,94.34615384615384,75.33681940435122,1810.6500244140625,1810.6500244140625,1810.6500244140625
2013-12-26,98.94444444444444,76.49885644138826,1842.02001953125,1842.02001953125,1842.02001953125
2014-01-02,95.03225806451611,77.75816165230637,1831.97998046875,1831.97998046875,1831.97998046875
2014-01-08,92.274,80.63362635818872,1837.489990234375,1837.489990234375,1837.489990234375
2014-01-15,96.83423076923076,83.12918405049642,1848.3800048828125,1848.3800048828125,1848.3800048828125
2014-01-22,95.13384615384616,85.77291339522574,1844.8599853515625,1844.8599853515625,1844.8599853515625
2014-01-29,70.94111111111111,85.98246895078131,1774.199951171875,1774.199951171875,1774.199951171875
2014-02-05,50.97192307692308,85.40699103055339,1751.6400146484375,1751.6400146484375,1751.6400146484375
2014-02-12,73.26,85.04671325277562,1819.260009765625,1819.260009765625,1819.260009765625
2014-02-19,75.94793103448275,85.18744313783309,1828.75,1828.75,1828.75
2014-02-26,91.62028571428571,87.0554139452865,1845.1600341796875,1845.1600341796875,1845.1600341796875
2014-03-05,89.06115384615386,87.40619891032146,1873.81005859375,1873.81005859375,1873.81005859375
2014-03-12,85.2046875,87.69791476680294,1868.199951171875,1868.199951171875,1868.199951171875
2014-03-18,67.77057142857143,86.35681370860189,1872.25,1872.25,1872.25
2014-03-19,89.83935483870968,86.60839683515276,1860.77001953125,1860.77001953125,1860.77001953125
2014-03-26,91.12266666666667,87.13119683515276,1852.56005859375,1852.56005859375,1852.56005859375
2014-04-02,91.43242424242425,87.33138947584538,1890.9000244140625,1890.9000244140625,1890.9000244140625
2014-04-09,85.20862068965518,86.51939458440222,1872.1800537109373,1872.1800537109373,1872.1800537109375
2014-04-16,75.91999999999999,85.57795708440223,1862.31005859375,1862.31005859375,1862.31005859375
2014-04-23,76.57575757575758,84.37207105014663,1875.3900146484373,1875.3900146484373,1875.3900146484375
2014-04-30,82.62611111111111,83.78606891339449,1883.949951171875,1883.949951171875,1883.949951171875
2014-05-07,76.8125,82.67947169117227,1878.2099609375,1878.2099609375,1878.2099609375
2014-05-14,78.18,81.83685878794647,1888.530029296875,1888.530029296875,1888.530029296875
2014-05-21,67.22945945945945,80.58463176091944,1888.030029296875,1888.030029296875,1888.030029296875
2014-05-28,72.52052631578947,79.36894653824737,1909.780029296875,1909.780029296875,1909.780029296875
2014-06-04,90.86457142857144,79.15548280198365,1927.8800048828125,1927.8800048828125,1927.8800048828125
2014-06-11,87.30058823529413,79.97345665819279,1943.8900146484373,1943.8900146484373,1943.8900146484375
2014-06-18,88.59375,81.85454800434664,1956.97998046875,1956.97998046875,1956.97998046875
2014-06-25,88.15466666666667,82.59928133767997,1959.530029296875,1959.530029296875,1959.530029296875
2014-07-02,85.47682926829269,83.07572624937046,1974.6199951171875,1974.6199951171875,1974.6199951171875
2014-07-09,82.46828571428573,82.61812624937048,1972.8299560546875,1972.8299560546875,1972.8299560546875
2014-07-16,81.91411764705882,82.26077443941571,1981.5699462890625,1981.5699462890625,1981.5699462890625
2014-07-23,82.74617647058824,82.13784888794513,1987.010009765625,1987.010009765625,1987.010009765625
2014-07-30,81.62,82.83032031651655,1970.0699462890625,1970.0699462890625,1970.0699462890625
2014-08-06,50.86794871794872,80.88175001047851,1920.239990234375,1920.239990234375,1920.239990234375
2014-08-13,50.61238095238096,78.85623572476422,1946.719970703125,1946.719970703125,1946.719970703125
2014-08-20,56.77111111111111,77.12317006819856,1986.510009765625,1986.510009765625,1986.510009765625
2014-08-27,78.84277777777778,76.8048779226047,2000.1199951171875,2000.1199951171875,2000.1199951171875
2014-09-03,82.49142857142857,77.13344935117613,2000.719970703125,2000.719970703125,2000.719970703125
2014-09-10,63.629117647058834,76.4861173547412,1995.68994140625,1995.68994140625,1995.68994140625
2014-09-17,67.07783783783785,75.70870369107753,2001.5699462890625,2001.5699462890625,2001.5699462890625
2014-09-24,59.75564102564103,74.85586074235957,1998.300048828125,1998.300048828125,1998.300048828125
2014-10-01,41.03225806451613,72.99847364558538,1946.1600341796875,1946.1600341796875,1946.1600341796875
2014-10-08,33.139117647058825,71.29395655496535,1968.8900146484373,1968.8900146484373,1968.8900146484375
2014-10-15,9.9741935483871,68.16663991659523,1862.489990234375,1862.489990234375,1862.489990234375
2014-10-22,41.37837837837838,65.69233026408557,1927.1099853515625,1927.1099853515625,1927.1099853515625
2014-10-29,74.78378378378379,65.06649004151006,1982.300048828125,1982.300048828125,1982.300048828125
2014-11-05,77.68135135135135,64.52087010907762,2023.5699462890625,2023.5699462890625,2023.5699462890625
2014-11-12,85.4321052631579,64.3847420389022,2038.25,2038.25,2038.25
2014-11-19,72.06382352941176,63.714091751958144,2048.719970703125,2048.719970703125,2048.719970703125
2014-11-25,86.77999999999999,63.92967746624386,2067.030029296875,2067.030029296875,2067.030029296875
2014-12-03,86.06375,64.13715908389091,2074.330078125,2074.330078125,2074.330078125
2014-12-10,89.01189189189189,64.45044485495609,2026.1400146484373,2026.1400146484373,2026.1400146484375
2014-12-17,65.11657142857143,63.62527342638467,2012.8900146484373,2012.8900146484373,2012.8900146484375
2014-12-24,90.5925,65.61150099048723,2081.8798828125,2081.8798828125,2081.8798828125
2014-12-31,95.86323529411764,67.87404370757407,2058.89990234375,2058.89990234375,2058.89990234375
2015-01-07,71.11428571428571,68.59120243773279,2025.9000244140625,2025.9000244140625,2025.9000244140625
2015-01-14,87.12578947368421,69.00535302252811,2011.27001953125,2011.27001953125,2011.27001953125
2015-01-21,89.01189189189189,69.33137618855127,2032.1199951171875,2032.1199951171875,2032.1199951171875
2015-01-28,92.62228571428572,70.78103459191263,2002.1600341796875,2002.1600341796875,2002.1600341796875
2015-02-04,88.24233333333333,71.8392593666874,2041.510009765625,2041.510009765625,2041.510009765625
2015-02-11,84.054375,73.05419606540536,2068.530029296875,2068.530029296875,2068.530029296875
2015-02-18,87.81138888888889,75.393152606624,2099.679931640625,2099.679931640625,2099.679931640625
2015-02-25,99.22647058823529,78.69752025368282,2113.860107421875,2113.860107421875,2113.860107421875
2015-03-04,92.15133333333333,82.80637724293013,2098.530029296875,2098.530029296875,2098.530029296875
2015-03-11,65.679,84.02140832401122,2040.239990234375,2040.239990234375,2040.239990234375
2015-03-25,84.3214814814815,84.49829320889609,2061.050048828125,2061.050048828125,2061.050048828125
2015-04-01,75.86384615384615,84.40741794902084,2059.68994140625,2059.68994140625,2059.68994140625
2015-04-08,86.72555555555556,84.47209046364071,2081.89990234375,2081.89990234375,2081.89990234375
2015-04-15,86.66774193548386,85.20228638394433,2106.6298828125,2106.6298828125,2106.6298828125
2015-04-22,75.88470588235293,84.65752167806195,2107.9599609375,2107.9599609375,2107.9599609375
2015-04-29,90.59666666666666,84.8841675113953,2106.85009765625,2106.85009765625,2106.85009765625
2015-05-06,80.30434782608695,84.44879030810505,2080.14990234375,2080.14990234375,2080.14990234375
2015-05-13,60.37862068965517,84.21189277115924,2098.47998046875,2098.47998046875,2098.47998046875
2015-05-20,67.60514285714285,83.0625249140164,2125.85009765625,2125.85009765625,2125.85009765625
2015-05-27,65.50393939393939,81.54456011900747,2123.47998046875,2123.47998046875,2123.47998046875
2015-06-03,71.0696875,81.54233020829318,2114.070068359375,2114.070068359375,2114.070068359375
2015-06-10,68.70366666666665,80.62122406794231,2105.199951171875,2105.199951171875,2105.199951171875
2015-06-17,58.63689655172413,79.10247430093392,2100.43994140625,2100.43994140625,2100.43994140625
2015-06-24,58.96379310344827,77.41954967039204,2108.580078125,2108.580078125,2108.580078125
2015-07-01,54.84285714285714,75.74957586086825,2077.419921875,2077.419921875,2077.419921875
2015-07-08,54.99066666666666,74.29639044420156,2046.6800537109373,2046.6800537109373,2046.6800537109375
2015-07-15,52.24,72.51782099975712,2107.39990234375,2107.39990234375,2107.39990234375
2015-07-22,52.341923076923074,70.17359362419151,2114.14990234375,2114.14990234375,2114.14990234375
2015-07-29,50.75,68.10352695752485,2108.570068359375,2108.570068359375,2108.570068359375
2015-08-05,63.16785714285714,67.9779698146677,2099.840087890625,2099.840087890625,2099.840087890625
2015-08-12,48.07903225806451,66.16584735349686,2086.050048828125,2086.050048828125,2086.050048828125
2015-08-19,41.48030303030303,64.44667019731969,2079.610107421875,2079.610107421875,2079.610107421875
2015-08-26,28.31375,61.526079919541914,1940.510009765625,1940.510009765625,1940.510009765625
2015-09-02,23.848214285714285,58.38510353705344,1948.8599853515625,1948.8599853515625,1948.8599853515625
2015-09-09,26.035714285714285,55.89265395722151,1942.0400390625,1942.0400390625,1942.0400390625
2015-09-16,31.57354838709677,52.941498043243016,1995.31005859375,1995.31005859375,1995.31005859375
2015-09-23,21.33551724137931,49.99305651400763,1938.760009765625,1938.760009765625,1938.760009765625
2015-09-30,16.391290322580645,47.79368999565391,1920.030029296875,1920.030029296875,1920.030029296875
2015-10-07,38.298148148148144,46.32834026020417,1995.8299560546875,1995.8299560546875,1995.8299560546875
2015-10-14,44.26923076923077,45.26660482896874,1994.239990234375,1994.239990234375,1994.239990234375
2015-10-21,35.666666666666664,43.49645378730207,2018.93994140625,2018.93994140625,2018.93994140625
2015-10-28,56.71206896551724,42.8968739022446,2090.35009765625,2090.35009765625,2090.35009765625
2015-11-04,69.16451612903225,43.42325488111001,2102.31005859375,2102.31005859375,2102.31005859375
2015-11-11,68.58275862068966,43.90420315697208,2075.0,2075.0,2075.0
2015-11-18,58.46548387096774,44.0853344933776,2083.580078125,2083.580078125,2083.580078125
2015-11-25,70.4451724137931,44.85805978073393,2088.8701171875,2088.8701171875,2088.8701171875
2015-12-02,68.11538461538461,45.65182901150316,2079.510009765625,2079.510009765625,2079.510009765625
2015-12-09,67.91620689655173,46.43054320248459,2047.6199951171875,2047.6199951171875,2047.6199951171875
2015-12-16,61.323703703703714,46.95922838766978,2073.070068359375,2073.070068359375,2073.070068359375
2015-12-23,56.65724137931034,46.633697599492436,2064.2900390625,2064.2900390625,2064.2900390625
2015-12-30,47.669375,46.613214736589214,2063.360107421875,2063.360107421875,2063.360107421875
2016-01-06,50.257,47.052049585074066,1990.260009765625,1990.260009765625,1990.260009765625
2016-01-13,34.49629629629629,47.361176899888875,1890.280029296875,1890.280029296875,1890.280029296875
2016-01-27,42.25,48.281266185603165,1882.949951171875,1882.949951171875,1882.949951171875
2016-02-03,22.40740740740741,48.09985084168782,1912.530029296875,1912.530029296875,1912.530029296875
2016-02-10,32.871428571428574,48.16474485090441,1851.8599853515625,1851.8599853515625,1851.8599853515625
2016-02-17,41.05172413793103,49.150555195732,1926.8199462890625,1926.8199462890625,1926.8199462890625
2016-02-24,31.654838709677424,49.91373261508683,1929.800048828125,1929.800048828125,1929.800048828125
2016-03-02,54.43636363636364,50.7206433894976,1986.449951171875,1986.449951171875,1986.449951171875
2016-03-09,51.01290322580645,51.0578270123264,1989.260009765625,1989.260009765625,1989.260009765625
2016-03-16,62.71666666666667,52.4103270123264,2027.219970703125,2027.219970703125,2027.219970703125
2016-03-23,59.58529411764706,52.553988269932894,2036.7099609375,2036.7099609375,2036.7099609375
2016-03-30,67.94117647058823,52.49282128701068,2063.949951171875,2063.949951171875,2063.949951171875
2016-04-06,73.2078947368421,52.72407809281831,2066.659912109375,2066.659912109375,2066.659912109375
2016-04-13,63.972972972972975,52.999452547918565,2082.419921875,2082.419921875,2082.419921875
2016-04-20,82.49714285714286,53.602051070086056,2102.39990234375,2102.39990234375,2102.39990234375
2016-04-27,74.18823529411765,53.905693604022716,2095.14990234375,2095.14990234375,2095.14990234375
2016-05-04,67.65882352941176,53.8928244356657,2051.1201171875,2051.1201171875,2051.1201171875
2016-05-11,49.54666666666667,53.30397258381386,2064.4599609375,2064.4599609375,2064.4599609375
2016-05-18,60.16875,53.47954801484834,2047.6300048828125,2047.6300048828125,2047.6300048828125
2016-05-25,64.66666666666667,54.32941259818167,2090.5400390625,2090.5400390625,2090.5400390625
2016-06-01,68.94117647058823,55.26362142171108,2099.330078125,2099.330078125,2099.330078125
2016-06-08,74.8,57.27880660689626,2119.1201171875,2119.1201171875,2119.1201171875
2016-06-15,75.95862068965518,58.96423764137902,2071.5,2071.5,2071.5
2016-06-22,69.3483870967742,61.311286625847366,2085.449951171875,2085.449951171875,2085.449951171875
2016-06-29,74.51515151515152,63.39347277303352,2070.77001953125,2070.77001953125,2070.77001953125
2016-07-06,65.43333333333334,64.61255323280363,2099.72998046875,2099.72998046875,2099.72998046875
2016-07-13,96.5234375,67.85598317231975,2152.429931640625,2152.429931640625,2152.429931640625
2016-07-20,92.6396551724138,69.76614774912227,2173.02001953125,2173.02001953125,2173.02001953125
2016-07-27,101.01774193548388,72.26638968460614,2166.580078125,2166.580078125,2166.580078125
2016-08-03,93.0530303030303,73.78320786642432,2163.7900390625,2163.7900390625,2163.7900390625
2016-08-10,92.86290322580643,75.44708832183228,2175.489990234375,2175.489990234375,2175.489990234375
2016-08-17,98.79193548387096,76.98962627249644,2182.219970703125,2182.219970703125,2182.219970703125
2016-08-24,97.8,78.21923153565432,2175.43994140625,2175.43994140625,2175.43994140625
2016-08-31,88.1,79.42558288700567,2170.949951171875,2170.949951171875,2170.949951171875
2016-09-07,90.85428571428572,79.84344002986282,2186.159912109375,2186.159912109375,2186.159912109375
2016-09-14,68.55,79.56152826515694,2125.77001953125,2125.77001953125,2125.77001953125
2016-09-21,79.31481481481481,80.14432782942708,2163.1201171875,2163.1201171875,2163.1201171875
2016-09-28,84.51666666666667,81.89282782942709,2171.3701171875,2171.3701171875,2171.3701171875
2016-10-05,78.48529411764706,82.80865503530944,2159.72998046875,2159.72998046875,2159.72998046875
2016-10-12,86.53225806451613,83.90193460520192,2139.179931640625,2139.179931640625,2139.179931640625
2016-10-19,63.703125,83.6400320316725,2144.2900390625,2144.2900390625,2144.2900390625
2016-10-26,66.46969696969697,83.22351688015735,2139.429931640625,2139.429931640625,2139.429931640625
2016-11-02,58.083333333333336,82.32975251234126,2097.93994140625,2097.93994140625,2097.93994140625
2016-11-09,72.96296296296296,82.5104813056507,2163.260009765625,2163.260009765625,2163.260009765625
2016-11-15,83.421875,82.95581747989311,2180.389892578125,2180.389892578125,2180.389892578125
2016-11-23,86.5625,84.01227581322645,2204.719970703125,2204.719970703125,2204.719970703125
2016-11-30,98.01785714285714,84.0869967953693,2198.81005859375,2198.81005859375,2198.81005859375
2016-12-07,101.60344827586206,84.53518645054172,2241.35009765625,2241.35009765625,2241.35009765625
2016-12-14,96.23214285714286,84.29590649662467,2253.280029296875,2253.280029296875,2253.280029296875
2016-12-21,101.32758620689656,84.70963429181799,2265.179931640625,2265.179931640625,2265.179931640625
2016-12-28,100.59615384615384,85.09629682283536,2249.919921875,2249.919921875,2249.919921875
2017-01-04,99.42592592592592,85.1279963449381,2270.75,2270.75,2270.75
2017-01-11,89.29310344827586,84.70265151735188,2275.320068359375,2275.320068359375,2275.320068359375
2017-01-18,94.08620689655172,85.00196186217948,2271.889892578125,2271.889892578125,2271.889892578125
2017-01-25,99.28333333333332,85.42341424313187,2298.3701171875,2298.3701171875,2298.3701171875
2017-02-01,94.01612903225806,86.69672069474476,2279.550048828125,2279.550048828125,2279.550048828125
2017-02-08,96.26470588235294,87.54421524812167,2294.669921875,2294.669921875,2294.669921875
2017-02-15,95.89285714285714,88.1130247719312,2349.25,2349.25,2349.25
2017-02-22,100.82758620689656,89.23013937639367,2362.820068359375,2362.820068359375,2362.820068359375
2017-03-01,102.06896551724138,90.00697474902992,2395.9599609375,2395.9599609375,2395.9599609375
2017-03-08,87.08870967741936,91.17625398290089,2362.97998046875,2362.97998046875,2362.97998046875
2017-03-15,80.7734375,91.89144100941604,2385.260009765625,2385.260009765625,2385.260009765625
2017-03-22,68.6826923076923,92.421408958134,2348.449951171875,2348.449951171875,2348.449951171875
2017-03-29,68.28225806451613,92.18737371321166,2361.1298828125,2361.1298828125,2361.1298828125
2017-04-05,71.0241935483871,91.56748964063101,2352.949951171875,2352.949951171875,2352.949951171875
2017-04-12,82.94791666666667,91.38676047396434,2344.929931640625,2344.929931640625,2344.929931640625
2017-04-19,74.20454545454545,90.19609488954876,2338.169921875,2338.169921875,2338.169921875
2017-04-26,88.09166666666667,89.52050580908899,2387.449951171875,2387.449951171875,2387.449951171875
2017-05-03,82.31,88.82439866623186,2388.1298828125,2388.1298828125,2388.1298828125
2017-05-10,95.19827586206895,88.51793314899047,2399.6298828125,2399.6298828125,2399.6298828125
2017-05-17,94.62037037037037,88.21914397520129,2357.030029296875,2357.030029296875,2357.030029296875
2017-05-24,97.49107142857144,88.12240125033358,2404.389892578125,2404.389892578125,2404.389892578125
2017-05-31,95.86290322580643,88.45089123921011,2411.800048828125,2411.800048828125,2411.800048828125
2017-06-07,92.09821428571428,88.35149160866823,2433.139892578125,2433.139892578125,2433.139892578125
2017-06-14,93.3706896551724,88.05585942476019,2437.919921875,2437.919921875,2437.919921875
2017-06-21,92.69444444444444,87.9897751953695,2435.610107421875,2435.610107421875,2435.610107421875
2017-06-28,97.47,88.05003990125185,2440.68994140625,2440.68994140625,2440.68994140625
2017-07-05,93.3560606060606,87.92320007441202,2432.5400390625,2432.5400390625,2432.5400390625
2017-07-12,90.9903846153846,87.43133999483643,2443.25,2443.25,2443.25
2017-07-19,85.81896551724138,86.61883999483643,2473.830078125,2473.830078125,2473.830078125
2017-07-26,96.39,87.08390451096547,2477.830078125,2477.830078125,2477.830078125
2017-08-02,90.94791666666669,87.5926284692988,2477.570068359375,2477.570068359375,2477.570068359375
2017-08-09,83.81896551724138,88.34944212977625,2474.02001953125,2474.02001953125,2474.02001953125
2017-08-16,85.19166666666666,89.19491255988378,2468.110107421875,2468.110107421875,2468.110107421875
2017-08-23,87.9342105263158,90.04041340878021,2444.0400390625,2444.0400390625,2444.0400390625
2017-08-30,84.08333333333333,90.09718424211354,2457.590087890625,2457.590087890625,2457.590087890625
2017-09-06,88.65625,90.81976946938627,2465.5400390625,2465.5400390625,2465.5400390625
2017-09-13,97.125,91.27143613605293,2498.3701171875,2498.3701171875,2498.3701171875
2017-09-20,102.04166666666669,92.25801946938627,2508.239990234375,2508.239990234375,2508.239990234375
2017-09-27,106.625,92.82935567628283,2507.0400390625,2507.0400390625,2507.0400390625
2017-10-04,109.2,93.55833715776431,2537.739990234375,2537.739990234375,2537.739990234375
2017-10-11,95.8375,93.47565858633573,2555.239990234375,2555.239990234375,2555.239990234375
2017-10-18,95.375,93.45126342504541,2561.260009765625,2561.260009765625,2561.260009765625
2017-10-25,91.36904761904762,93.41480509171208,2557.14990234375,2557.14990234375,2557.14990234375
2017-11-01,83.07954545454545,92.90024788168073,2579.360107421875,2579.360107421875,2579.360107421875
2017-11-08,87.23,92.62702565945851,2594.3798828125,2594.3798828125,2594.3798828125
2017-11-15,78.51,91.67902565945852,2564.6201171875,2564.6201171875,2564.6201171875
2017-11-22,88.36904761904762,91.42967501010786,2597.080078125,2597.080078125,2597.080078125
2017-11-29,97.33695652173913,91.74700360542559,2626.070068359375,2626.070068359375,2626.070068359375
2017-12-06,89.83653846153847,91.94788225264044,2629.27001953125,2629.27001953125,2629.27001953125
2017-12-13,120.55555555555556,93.15616003041822,2662.85009765625,2662.85009765625,2662.85009765625
2017-12-20,101.8452380952381,93.7010261018468,2679.25,2679.25,2679.25
2017-12-27,96.29347826086956,94.32475173902819,2682.6201171875,2682.6201171875,2682.6201171875
2018-01-03,90.39772727272728,94.58505476933124,2713.06005859375,2713.06005859375,2713.06005859375
2018-01-10,88.88157894736842,94.63242319038386,2748.22998046875,2748.22998046875,2748.22998046875
2018-01-17,86.34,94.74525652371719,2802.56005859375,2802.56005859375,2802.56005859375
2018-01-24,95.38,95.0814440237172,2837.5400390625,2837.5400390625,2837.5400390625
2018-01-31,84.93,94.4716940237172,2823.81005859375,2823.81005859375,2823.81005859375
2018-02-07,75.9,93.16461069038385,2681.659912109375,2681.659912109375,2681.659912109375
2018-02-14,65.43,91.10486069038386,2698.6298828125,2698.6298828125,2698.6298828125
2018-02-21,62.69,88.77936069038387,2701.330078125,2701.330078125,2701.330078125
2018-02-28,81.0,88.03748569038387,2713.830078125,2713.830078125,2713.830078125
2018-03-07,72.05,86.87123569038387,2726.800048828125,2726.800048828125,2726.800048828125
2018-03-14,85.35,86.57028330943147,2749.47998046875,2749.47998046875,2749.47998046875
2018-03-21,77.28,86.2803060367042,2711.929931640625,2711.929931640625,2711.929931640625
2018-03-28,49.36,84.3868060367042,2605.0,2605.0,2605.0
2018-04-04,55.57,83.23980603670421,2644.68994140625,2644.68994140625,2644.68994140625
2018-04-11,65.12,82.07735365575184,2642.18994140625,2642.18994140625,2642.18994140625
2018-04-18,77.64,81.09250582966487,2708.639892578125,2708.639892578125,2708.639892578125
2018-04-25,64.2,79.81067890658795,2639.39990234375,2639.39990234375,2639.39990234375
2018-05-02,52.56,76.41090112881017,2635.669921875,2635.669921875,2635.669921875
2018-05-09,69.82,74.80963922404825,2697.7900390625,2697.7900390625,2697.7900390625
2018-05-16,85.43,74.2664653110048,2722.4599609375,2722.4599609375,2722.4599609375
2018-05-23,83.95,73.94407894736841,2733.2900390625,2733.2900390625,2733.2900390625
2018-05-30,82.24,73.612,2724.010009765625,2724.010009765625,2724.010009765625
2018-06-06,91.67,73.8785,2772.35009765625,2772.35009765625,2772.35009765625
2018-06-13,103.93,74.306,2775.6298828125,2775.6298828125,2775.6298828125
2018-06-20,89.2,74.5195,2767.320068359375,2767.320068359375,2767.320068359375
2018-06-27,85.06,74.9775,2699.6298828125,2699.6298828125,2699.6298828125
2018-07-04,76.38,75.525,2713.219970703125,2713.219970703125,2713.219970703125
2018-07-11,88.56,76.8185,2774.02001953125,2774.02001953125,2774.02001953125
2018-07-18,82.01,76.869,2815.6201171875,2815.6201171875,2815.6201171875
2018-07-25,84.96,77.5145,2846.070068359375,2846.070068359375,2846.070068359375
2018-08-01,76.36,77.06500000000001,2813.360107421875,2813.360107421875,2813.360107421875
2018-08-08,87.68,77.58500000000001,2857.699951171875,2857.699951171875,2857.699951171875
2018-08-15,78.27,79.03049999999999,2818.3701171875,2818.3701171875,2818.3701171875
2018-08-22,86.46,80.575,2861.820068359375,2861.820068359375,2861.820068359375
2018-08-29,98.3,82.234,2914.0400390625,2914.0400390625,2914.0400390625
2018-09-05,85.01,82.60249999999999,2888.60009765625,2888.60009765625,2888.60009765625
2018-09-12,90.19,83.902,2888.919921875,2888.919921875,2888.919921875
2018-09-19,83.92,85.47,2907.949951171875,2907.949951171875,2907.949951171875
2018-09-26,90.73,86.5155,2905.969970703125,2905.969970703125,2905.969970703125
2018-10-03,84.49,86.4685,2925.510009765625,2925.510009765625,2925.510009765625
2018-10-10,52.86,84.914,2785.679931640625,2785.679931640625,2785.679931640625
2018-10-18,67.76,84.19,2768.780029296875,2768.780029296875,2768.780029296875
2018-10-24,51.49,82.181,2656.10009765625,2656.10009765625,2656.10009765625
2018-10-31,61.47,80.058,2711.739990234375,2711.739990234375,2711.739990234375
2018-11-07,64.96,78.846,2813.889892578125,2813.889892578125,2813.889892578125
2018-11-14,35.13,76.3495,2701.580078125,2701.580078125,2701.580078125
2018-11-21,30.55,74.058,2649.929931640625,2649.929931640625,2649.929931640625
2018-11-28,53.21,72.2905,2743.7900390625,2743.7900390625,2743.7900390625
2018-12-05,61.96,71.288,2700.06005859375,2700.06005859375,2700.06005859375
2018-12-12,55.51,69.8155,2651.070068359375,2651.070068359375,2651.070068359375
2018-12-19,31.96,67.59549999999999,2506.9599609375,2506.9599609375,2506.9599609375
2018-12-26,47.59,65.59100000000001,2467.699951171875,2467.699951171875,2467.699951171875
2019-01-02,59.43,64.649,2510.030029296875,2510.030029296875,2510.030029296875
2019-01-09,66.8,63.666,2584.9599609375,2584.9599609375,2584.9599609375
2019-01-16,75.51,62.52650000000001,2616.10009765625,2616.10009765625,2616.10009765625
2019-01-23,72.84,61.918000000000006,2638.699951171875,2638.699951171875,2638.699951171875
2019-01-30,76.33,61.225,2681.050048828125,2681.050048828125,2681.050048828125
2019-02-06,83.39,61.1985,2731.610107421875,2731.610107421875,2731.610107421875
2019-02-13,82.01,60.7625,2753.030029296875,2753.030029296875,2753.030029296875
2019-02-20,77.86,60.431,2784.699951171875,2784.699951171875,2784.699951171875
2019-02-27,79.33,61.75450000000001,2792.3798828125,2792.3798828125,2792.3798828125
2019-03-06,73.9,62.0615,2771.449951171875,2771.449951171875,2771.449951171875
2019-03-13,77.4,63.357000000000006,2810.919921875,2810.919921875,2810.919921875
2019-03-20,78.25,64.196,2824.22998046875,2824.22998046875,2824.22998046875
2019-03-27,61.69,64.0325,2805.3701171875,2805.3701171875,2805.3701171875
2019-04-03,91.92,66.872,2873.39990234375,2873.39990234375,2873.39990234375
2019-04-10,88.9,69.7895,2888.2099609375,2888.2099609375,2888.2099609375
2019-04-17,93.37,71.7975,2900.449951171875,2900.449951171875,2900.449951171875
2019-04-24,92.43,73.321,2927.25,2927.25,2927.25
2019-05-01,89.8,75.0355,2923.72998046875,2923.72998046875,2923.72998046875
2019-05-08,82.02,77.5385,2879.419921875,2879.419921875,2879.419921875
2019-05-15,72.82,78.8,2850.9599609375,2850.9599609375,2850.9599609375
2019-05-22,70.07,79.33200000000001,2856.27001953125,2856.27001953125,2856.27001953125
2019-05-29,59.69,78.97650000000002,2783.02001953125,2783.02001953125,2783.02001953125
2019-06-05,54.99,77.9505,2826.14990234375,2826.14990234375,2826.14990234375
2019-06-12,74.26,78.0215,2879.840087890625,2879.840087890625,2879.840087890625
2019-06-19,74.91,77.9505,2926.4599609375,2926.4599609375,2926.4599609375
2019-06-26,72.28,77.395,2913.780029296875,2913.780029296875,2913.780029296875
2019-07-03,79.36,77.2625,2995.820068359375,2995.820068359375,2995.820068359375
2019-07-10,87.34,77.7365,2993.070068359375,2993.070068359375,2993.070068359375
2019-07-17,81.85,77.8625,2984.419921875,2984.419921875,2984.419921875
2019-07-24,95.75,78.95500000000001,3019.56005859375,3019.56005859375,3019.56005859375
2019-07-31,91.41,79.65549999999999,2980.3798828125,2980.3798828125,2980.3798828125
2019-08-07,56.59,78.5725,2883.97998046875,2883.97998046875,2883.97998046875
2019-08-14,58.08,78.392,2840.60009765625,2840.60009765625,2840.60009765625
2019-08-21,70.18,77.305,2924.429931640625,2924.429931640625,2924.429931640625
2019-08-28,59.99,75.8595,2887.93994140625,2887.93994140625,2887.93994140625
2019-09-04,56.15,73.9985,2937.780029296875,2937.780029296875,2937.780029296875
2019-09-11,75.76,73.16499999999999,3000.929931640625,3000.929931640625,3000.929931640625
2019-09-18,77.09,72.52950000000001,3006.72998046875,3006.72998046875,3006.72998046875
2019-09-25,64.85,71.671,2984.8701171875,2984.8701171875,2984.8701171875
2019-10-02,57.39,70.8995,2887.610107421875,2887.610107421875,2887.610107421875
2019-10-09,57.32,70.262,2919.39990234375,2919.39990234375,2919.39990234375
2019-10-16,57.08,70.13149999999999,2989.68994140625,2989.68994140625,2989.68994140625
2019-10-23,65.67,70.6655,3004.52001953125,3004.52001953125,3004.52001953125
2019-10-30,88.94,71.3995,3046.77001953125,3046.77001953125,3046.77001953125
2019-11-06,92.26,72.26700000000001,3076.780029296875,3076.780029296875,3076.780029296875
2019-11-13,72.25,72.2655,3094.0400390625,3094.0400390625,3094.0400390625
2019-11-20,78.23,72.209,3108.4599609375,3108.4599609375,3108.4599609375
2019-11-27,76.66,71.675,3153.6298828125,3153.6298828125,3153.6298828125
2019-12-04,77.8,71.4725,3112.760009765625,3112.760009765625,3112.760009765625
2019-12-11,78.71,70.62049999999999,3141.6298828125,3141.6298828125,3141.6298828125
2019-12-18,98.9,70.995,3191.139892578125,3191.139892578125,3191.139892578125
2019-12-25,97.44,73.0375,3223.3798828125,3223.3798828125,3223.3798828125
2020-01-01,86.99,74.483,3230.780029296875,3230.780029296875,3230.780029296875
2020-01-08,94.16,75.68199999999999,3253.050048828125,3253.050048828125,3253.050048828125
2020-01-15,89.47,77.15599999999999,3289.2900390625,3289.2900390625,3289.2900390625
2020-01-22,93.75,79.036,3321.75,3321.75,3321.75
2020-01-29,77.07,79.1015,3273.39990234375,3273.39990234375,3273.39990234375
2020-02-05,62.49,78.3715,3334.68994140625,3334.68994140625,3334.68994140625
2020-02-12,86.08,79.433,3379.449951171875,3379.449951171875,3379.449951171875
2020-02-19,87.91,80.95899999999999,3386.14990234375,3386.14990234375,3386.14990234375
2020-02-26,65.03,81.3445,3116.389892578125,3116.389892578125,3116.389892578125
2020-03-04,29.03,79.94200000000001,3130.1201171875,3130.1201171875,3130.1201171875
2020-03-11,16.59,77.488,2741.3798828125,2741.3798828125,2741.3798828125
2020-03-18,10.65,73.5735,2398.10009765625,2398.10009765625,2398.10009765625
2020-03-25,25.87,70.25399999999999,2475.56005859375,2475.56005859375,2475.56005859375
2020-04-01,23.67,67.825,2470.5,2470.5,2470.5
2020-04-08,26.74,65.2505,2749.97998046875,2749.97998046875,2749.97998046875
2020-04-15,28.71,62.852999999999994,2783.360107421875,2783.360107421875,2783.360107421875
2020-04-22,45.34,61.230000000000004,2799.31005859375,2799.31005859375,2799.31005859375
2020-04-29,78.55,61.222,2939.510009765625,2939.510009765625,2939.510009765625
2020-05-06,67.95,59.6745,2848.419921875,2848.419921875,2848.419921875
2020-05-13,57.71,57.688,2820.0,2820.0,2820.0
2020-05-20,63.22,56.4995,2971.610107421875,2971.610107421875,2971.610107421875
2020-05-27,81.65,55.874,3036.1298828125,3036.1298828125,3036.1298828125
2020-06-03,91.6,55.980500000000006,3122.8701171875,3122.8701171875,3122.8701171875
2020-06-10,77.48,55.166999999999994,3190.139892578125,3190.139892578125,3190.139892578125
2020-06-17,88.25,55.726,3113.489990234375,3113.489990234375,3113.489990234375
2020-06-24,76.57,56.43000000000001,3050.330078125,3050.330078125,3050.330078125
2020-07-01,71.47,55.6995,3115.860107421875,3115.860107421875,3115.860107421875
2020-07-08,85.09,55.5585,3169.93994140625,3169.93994140625,3169.93994140625
2020-07-15,90.53,56.8335,3226.56005859375,3226.56005859375,3226.56005859375
2020-07-22,97.88,60.275999999999996,3276.02001953125,3276.02001953125,3276.02001953125
2020-07-29,97.44,64.3185,3258.43994140625,3258.43994140625,3258.43994140625
2020-08-05,94.55,68.5135,3327.77001953125,3327.77001953125,3327.77001953125
2020-08-12,101.2,72.28,3380.35009765625,3380.35009765625,3380.35009765625
2020-08-19,100.13,76.103,3374.85009765625,3374.85009765625,3374.85009765625
2020-08-26,106.56,80.094,3478.72998046875,3478.72998046875,3478.72998046875
2020-09-02,94.71,83.394,3580.840087890625,3580.840087890625,3580.840087890625
2020-09-09,53.09,83.7815,3398.9599609375,3398.9599609375,3398.9599609375
2020-09-16,59.3,82.81899999999999,3385.489990234375,3385.489990234375,3385.489990234375
2020-09-23,55.3,82.1865,3236.919921875,3236.919921875,3236.919921875
2020-09-30,58.25,82.2135,3363.0,3363.0,3363.0
2020-10-07,73.05,82.705,3419.43994140625,3419.43994140625,3419.43994140625
2020-10-14,102.93,83.769,3488.669921875,3488.669921875,3488.669921875
2020-10-21,87.07,83.5425,3435.56005859375,3435.56005859375,3435.56005859375
2020-10-28,77.87,83.562,3271.030029296875,3271.030029296875,3271.030029296875
2020-11-04,69.2,82.6095,3443.43994140625,3443.43994140625,3443.43994140625
2020-11-11,96.3,83.59599999999999,3572.659912109375,3572.659912109375,3572.659912109375
2020-11-18,106.41,85.34299999999999,3567.7900390625,3567.7900390625,3567.7900390625
2020-11-25,106.74,86.4255,3629.64990234375,3629.64990234375,3629.64990234375
2020-12-02,103.17,87.0575,3669.010009765625,3669.010009765625,3669.010009765625
2020-12-09,106.11,87.469,3672.820068359375,3672.820068359375,3672.820068359375
2020-12-16,101.47,87.6705,3701.169921875,3701.169921875,3701.169921875
2020-12-23,89.11,87.3985,3690.010009765625,3690.010009765625,3690.010009765625
2020-12-30,82.97,86.487,3732.0400390625,3732.0400390625,3732.0400390625
2021-01-06,94.51,86.20599999999999,3748.139892578125,3748.139892578125,3748.139892578125
2021-01-13,106.76,86.216,3809.840087890625,3809.840087890625,3809.840087890625
2021-01-20,112.93,87.127,3851.85009765625,3851.85009765625,3851.85009765625
2021-01-27,83.51,88.648,3750.77001953125,3750.77001953125,3750.77001953125
2021-02-03,79.15,89.6405,3830.169921875,3830.169921875,3830.169921875
2021-02-10,110.28,92.3895,3909.8798828125,3909.8798828125,3909.8798828125
2021-02-17,108.32,94.893,3931.330078125,3931.330078125,3931.330078125
2021-02-24,84.99,95.49,3925.429931640625,3925.429931640625,3925.429931640625
2021-03-03,65.37,93.612,3819.719970703125,3819.719970703125,3819.719970703125
2021-03-10,48.62,91.6895,3898.81005859375,3898.81005859375,3898.81005859375
2021-03-17,78.55,91.7235,3974.1201171875,3974.1201171875,3974.1201171875
2021-03-24,57.52,91.1395,3889.139892578125,3889.139892578125,3889.139892578125
2021-03-31,52.02,88.9255,3972.889892578125,3972.889892578125,3972.889892578125
2021-04-07,89.85,88.0975,4079.949951171875,4079.949951171875,4079.949951171875
2021-04-14,96.57,87.589,4124.66015625,4124.66015625,4124.66015625
2021-04-21,95.6,87.2105,4173.419921875,4173.419921875,4173.419921875
2021-04-28,103.72,87.091,4183.18017578125,4183.18017578125,4183.18017578125
2021-05-05,87.79,86.407,4167.58984375,4167.58984375,4167.58984375
2021-05-12,46.86,84.2945,4063.0400390625,4063.0400390625,4063.0400390625
2021-05-19,44.21,82.35650000000001,4115.68017578125,4115.68017578125,4115.68017578125
2021-05-26,68.3,81.046,4195.990234375,4195.990234375,4195.990234375
2021-06-02,82.27,79.8215,4208.1201171875,4208.1201171875,4208.1201171875
2021-06-09,79.65,78.1575,4219.5498046875,4219.5498046875,4219.5498046875
2021-06-16,98.52,78.908,4223.7001953125,4223.7001953125,4223.7001953125
2021-06-23,70.86,78.4935,4241.83984375,4241.83984375,4241.83984375
2021-06-30,91.72,77.5655,4297.5,4297.5,4297.5
2021-07-07,82.54,76.2765,4358.1298828125,4358.1298828125,4358.1298828125
2021-07-14,93.27,76.6905,4374.2998046875,4374.2998046875,4374.2998046875
2021-07-21,71.04,76.974,4358.68994140625,4358.68994140625,4358.68994140625
2021-07-28,78.39,78.4625,4400.64013671875,4400.64013671875,4400.64013671875
2021-08-04,97.72,79.421,4402.66015625,4402.66015625,4402.66015625
2021-08-11,97.55,81.4225,4442.41015625,4442.41015625,4442.41015625
2021-08-18,70.57,82.35,4400.27001953125,4400.27001953125,4400.27001953125
2021-08-25,92.83,82.499,4496.18994140625,4496.18994140625,4496.18994140625
2021-09-01,93.95,82.36800000000001,4524.08984375,4524.08984375,4524.08984375
2021-09-08,84.68,81.822,4514.06982421875,4514.06982421875,4514.06982421875
2021-09-15,87.02,80.987,4480.7001953125,4480.7001953125,4480.7001953125
2021-09-22,77.7,80.48249999999999,4395.64013671875,4395.64013671875,4395.64013671875
2021-09-29,55.02,80.8905,4359.4599609375,4359.4599609375,4359.4599609375
2021-10-06,68.6,82.11,4363.5498046875,4363.5498046875,4363.5498046875
2021-10-13,64.46,81.91799999999999,4363.7998046875,4363.7998046875,4363.7998046875
2021-10-20,98.02,82.7055,4536.18994140625,4536.18994140625,4536.18994140625
2021-10-27,103.35,83.8905,4551.68017578125,4551.68017578125,4551.68017578125
2021-11-03,107.99,84.364,4660.56982421875,4660.56982421875,4660.56982421875
2021-11-10,103.69,86.00550000000001,4646.7099609375,4646.7099609375,4646.7099609375
2021-11-17,102.54,86.54650000000001,4688.669921875,4688.669921875,4688.669921875
2021-11-24,103.14,87.5765,4701.4599609375,4701.4599609375,4701.4599609375
2021-12-01,87.87,87.3065,4513.0400390625,4513.0400390625,4513.0400390625
2021-12-08,69.46,87.2275,4701.2099609375,4701.2099609375,4701.2099609375
2021-12-15,52.22,85.91900000000001,4709.85009765625,4709.85009765625,4709.85009765625
2021-12-22,67.02,84.384,4696.56005859375,4696.56005859375,4696.56005859375
2021-12-29,85.71,83.792,4793.06005859375,4793.06005859375,4793.06005859375
2022-01-05,89.54,84.74050000000001,4700.580078125,4700.580078125,4700.580078125
2022-01-12,74.78,83.838,4726.35009765625,4726.35009765625,4726.35009765625
2022-01-19,56.73,81.977,4532.759765625,4532.759765625,4532.759765625
2022-01-26,53.39,80.4125,4349.93017578125,4349.93017578125,4349.93017578125
2022-02-02,62.54,79.1885,4589.3798828125,4589.3798828125,4589.3798828125
2022-02-09,66.8,78.64349999999999,4587.18017578125,4587.18017578125,4587.18017578125
2022-02-16,53.49,78.567,4475.009765625,4475.009765625,4475.009765625
2022-02-23,44.41,77.35749999999999,4225.5,4225.5,4225.5
2022-03-02,30.3,75.6495,4386.5400390625,4386.5400390625,4386.5400390625
2022-03-09,42.58,72.8775,4277.8798828125,4277.8798828125,4277.8798828125
2022-03-16,46.68,70.044,4357.85986328125,4357.85986328125,4357.85986328125
2022-03-23,52.69,67.279,4456.240234375,4456.240234375,4456.240234375
2022-03-30,79.72,66.0805,4602.4501953125,4602.4501953125,4602.4501953125
2022-04-06,83.41,65.124,4481.14990234375,4481.14990234375,4481.14990234375
2022-04-13,63.29,63.1315,4446.58984375,4446.58984375,4446.58984375
2022-04-20,74.05,62.4405,4459.4501953125,4459.4501953125,4459.4501953125
2022-04-27,46.25,61.279999999999994,4183.9599609375,4183.9599609375,4183.9599609375
2022-05-04,31.76,60.257000000000005,4300.169921875,4300.169921875,4300.169921875
2022-05-11,24.31,58.12149999999999,3935.179931640625,3935.179931640625,3935.179931640625
2022-05-18,19.51,54.8115,3923.679931640625,3923.679931640625,3923.679931640625
2022-05-25,33.19,51.99400000000001,3978.72998046875,3978.72998046875,3978.72998046875
2022-06-01,34.33,49.971500000000006,4101.22998046875,4101.22998046875,4101.22998046875
2022-06-08,50.0,49.635000000000005,4115.77001953125,4115.77001953125,4115.77001953125
2022-06-15,32.18,48.5745,3789.989990234375,3789.989990234375,3789.989990234375
2022-06-22,19.86,46.4405,3759.889892578125,3759.889892578125,3759.889892578125
2022-06-29,30.66,44.6335,3818.830078125,3818.830078125,3818.830078125
2022-07-06,27.85,43.3515,3845.080078125,3845.080078125,3845.080078125
2022-07-13,26.74,42.468,3801.780029296875,3801.780029296875,3801.780029296875
2022-07-20,44.48,43.177,3959.89990234375,3959.89990234375,3959.89990234375
2022-07-27,47.21,43.408500000000004,4023.610107421875,4023.610107421875,4023.610107421875
2022-08-03,55.28,43.838499999999996,4155.169921875,4155.169921875,4155.169921875
2022-08-10,71.59,44.783500000000004,4210.240234375,4210.240234375,4210.240234375
2022-08-17,64.44,44.0195,4274.0400390625,4274.0400390625,4274.0400390625
2022-08-24,54.86,42.592,4140.77001953125,4140.77001953125,4140.77001953125
2022-08-31,32.36,41.0455,3955.0,3955.0,3955.0
2022-09-07,27.33,38.7095,3979.8701171875,3979.8701171875,3979.8701171875
2022-09-14,33.86,38.089999999999996,3946.010009765625,3946.010009765625,3946.010009765625
2022-09-21,29.59,37.9815,3789.929931640625,3789.929931640625,3789.929931640625
2022-09-28,12.61,37.396499999999996,3719.0400390625,3719.0400390625,3719.0400390625
2022-10-05,38.11,38.326499999999996,3783.280029296875,3783.280029296875,3783.280029296875
2022-10-12,19.84,37.659,3577.030029296875,3577.030029296875,3577.030029296875
2022-10-19,43.28,38.1065,3695.159912109375,3695.159912109375,3695.159912109375
2022-10-26,53.91,38.302,3830.60009765625,3830.60009765625,3830.60009765625
2022-11-02,55.22,39.454,3759.68994140625,3759.68994140625,3759.68994140625
2022-11-09,53.33,41.1275,3748.570068359375,3748.570068359375,3748.570068359375
2022-11-16,64.96,42.8425,3958.7900390625,3958.7900390625,3958.7900390625
2022-11-23,60.29,44.4645,4027.260009765625,4027.260009765625,4027.260009765625
2022-11-30,64.36,46.3455,4080.110107421875,4080.110107421875,4080.110107421875
2022-12-07,55.69,46.906,3933.919921875,3933.919921875,3933.919921875
2022-12-14,71.6,48.1255,3995.320068359375,3995.320068359375,3995.320068359375
2022-12-21,39.35,47.32899999999999,3878.43994140625,3878.43994140625,3878.43994140625
2022-12-28,43.48,45.923500000000004,3783.219970703125,3783.219970703125,3783.219970703125
2023-01-04,38.79,44.641,3852.969970703125,3852.969970703125,3852.969970703125
2023-01-11,45.31,44.1635,3969.610107421875,3969.610107421875,3969.610107421875
2023-01-18,65.07,45.799,3928.860107421875,3928.860107421875,3928.860107421875
2023-01-25,75.23,48.194,4016.219970703125,4016.219970703125,4016.219970703125
2023-02-01,78.37,50.4195,4119.2099609375,4119.2099609375,4119.2099609375
2023-02-08,85.4,53.21,4117.85986328125,4117.85986328125,4117.85986328125
2023-02-15,81.43,56.65100000000001,4147.60009765625,4147.60009765625,4147.60009765625
2023-02-22,57.09,57.6,3991.050048828125,3991.050048828125,3991.050048828125
2023-03-01,47.41,58.97850000000001,3951.389892578125,3951.389892578125,3951.389892578125
2023-03-08,60.11,59.82000000000001,3992.010009765625,3992.010009765625,3992.010009765625
2023-03-15,41.92,59.2205,3891.929931640625,3891.929931640625,3891.929931640625
2023-03-22,53.21,59.120000000000005,3936.969970703125,3936.969970703125,3936.969970703125
2023-03-29,65.15,59.711,4027.81005859375,4027.81005859375,4027.81005859375
2023-04-05,72.89,60.1075,4090.3798828125,4090.3798828125,4090.3798828125
2023-04-12,58.71,60.02850000000001,4091.949951171875,4091.949951171875,4091.949951171875
2023-04-19,78.26,60.7235,4154.52001953125,4154.52001953125,4154.52001953125
2023-04-26,50.81,60.47950000000001,4055.989990234375,4055.989990234375,4055.989990234375
2023-05-03,67.01,60.25,4090.75,4090.75,4090.75
2023-05-10,65.22,61.54350000000001,4137.64013671875,4137.64013671875,4137.64013671875
2023-05-17,59.0,62.319500000000005,4158.77001953125,4158.77001953125,4158.77001953125
2023-05-24,65.51,63.6555,4115.240234375,4115.240234375,4115.240234375
2023-05-31,53.92,64.08600000000001,4179.830078125,4179.830078125,4179.830078125
2023-06-07,90.07,65.336,4267.52001953125,4267.52001953125,4267.52001953125
2023-06-14,81.66,65.6575,4372.58984375,4372.58984375,4372.58984375
2023-06-21,83.6,65.91900000000001,4365.68994140625,4365.68994140625,4365.68994140625
2023-06-28,75.93,65.44550000000001,4376.85986328125,4376.85986328125,4376.85986328125
2023-07-05,83.11,65.5295,4446.81982421875,4446.81982421875,4446.81982421875
2023-07-12,93.34,67.342,4472.16015625,4472.16015625,4472.16015625
2023-07-19,99.05,69.924,4565.72021484375,4565.72021484375,4565.72021484375
2023-07-26,101.82,72.0095,4566.75,4566.75,4566.75
2023-08-02,78.46,73.8365,4513.39013671875,4513.39013671875,4513.39013671875
2023-08-09,65.49,74.4505,4467.7099609375,4467.7099609375,4467.7099609375
2023-08-16,59.87,74.1865,4404.330078125,4404.330078125,4404.330078125
2023-08-23,34.36,72.25999999999999,4436.009765625,4436.009765625,4436.009765625
2023-08-30,61.19,72.38399999999999,4514.8701171875,4514.8701171875,4514.8701171875
2023-09-06,49.73,70.9575,4465.47998046875,4465.47998046875,4465.47998046875
2023-09-13,57.98,71.316,4467.43994140625,4467.43994140625,4467.43994140625
2023-09-20,54.33,70.68199999999999,4402.2001953125,4402.2001953125,4402.2001953125
2023-09-27,43.01,69.57149999999999,4274.509765625,4274.509765625,4274.509765625
2023-10-04,36.21,68.43199999999999,4263.75,4263.75,4263.75
2023-10-11,45.8,67.44649999999999,4376.9501953125,4376.9501953125,4376.9501953125
2023-10-18,66.67,68.08399999999999,4314.60009765625,4314.60009765625,4314.60009765625
2023-10-25,24.82,64.82149999999999,4186.77001953125,4186.77001953125,4186.77001953125
2023-11-01,29.17,62.197,4237.85986328125,4237.85986328125,4237.85986328125
2023-11-08,61.76,61.105,4382.77978515625,4382.77978515625,4382.77978515625
2023-11-15,72.06,60.91149999999999,4502.8798828125,4502.8798828125,4502.8798828125
2023-11-22,77.95,60.653499999999994,4556.6201171875,4556.6201171875,4556.6201171875
2023-11-29,81.38,60.05550000000001,4550.580078125,4550.580078125,4550.580078125
2023-12-06,76.09,58.90749999999999,4549.33984375,4549.33984375,4549.33984375
2023-12-13,77.97,57.714999999999996,4707.08984375,4707.08984375,4707.08984375
2023-12-20,97.32,58.657999999999994,4698.35009765625,4698.35009765625,4698.35009765625
2023-12-27,102.71,60.51899999999999,4781.580078125,4781.580078125,4781.580078125
2024-01-03,70.95,61.073,4704.81005859375,4704.81005859375,4704.81005859375
2024-01-10,80.18,63.36400000000001,4783.4501953125,4783.4501953125,4783.4501953125
2024-01-17,53.54,62.981500000000004,4739.2099609375,4739.2099609375,4739.2099609375
2024-01-24,84.13,64.7015,4868.5498046875,4868.5498046875,4868.5498046875
2024-01-31,87.36,66.1705,4845.64990234375,4845.64990234375,4845.64990234375
2024-02-07,93.77,68.14250000000001,4995.06005859375,4995.06005859375,4995.06005859375
2024-02-14,95.58,70.771,5000.6201171875,5000.6201171875,5000.6201171875
2024-02-21,74.7,72.69550000000001,4981.7998046875,4981.7998046875,4981.7998046875
2024-02-28,88.99,74.855,5069.759765625,5069.759765625,5069.759765625
2024-03-06,93.99,76.221,5104.759765625,5104.759765625,5104.759765625
2024-03-13,104.75,80.2175,5165.31005859375,5165.31005859375,5165.31005859375
2024-03-20,93.22,83.42,5224.6201171875,5224.6201171875,5224.6201171875
2024-03-27,103.88,85.526,5248.490234375,5248.490234375,5248.490234375
2024-04-03,84.24,86.135,5211.490234375,5211.490234375,5211.490234375
2024-04-10,81.92,86.3335,5160.64013671875,5160.64013671875,5160.64013671875
2024-04-17,62.98,85.4135,5022.2099609375,5022.2099609375,5022.2099609375
2024-04-24,59.48,84.583,5071.6298828125,5071.6298828125,5071.6298828125
2024-05-01,61.97,83.78299999999999,5018.39013671875,5018.39013671875,5018.39013671875
2024-05-08,91.55,83.4945,5187.669921875,5187.669921875,5187.669921875
2024-05-15,89.25,82.8215,5308.14990234375,5308.14990234375,5308.14990234375
2024-05-22,94.45,83.9965,5307.009765625,5307.009765625,5307.009765625
2024-05-29,92.21,84.59799999999998,5266.9501953125,5266.9501953125,5266.9501953125
2024-06-05,68.65,85.3535,5354.02978515625,5354.02978515625,5354.02978515625
2024-06-12,86.3,85.462,5421.02978515625,5421.02978515625,5421.02978515625
2024-06-19,85.26,85.357,5487.02978515625,5487.02978515625,5487.02978515625
2024-06-26,85.44,84.9405,5477.89990234375,5477.89990234375,5477.89990234375
2024-07-03,103.66,85.3445,5537.02001953125,5537.02001953125,5537.02001953125
2024-07-10,93.84,86.3015,5633.91015625,5633.91015625,5633.91015625
2024-07-17,87.94,86.249,5588.27001953125,5588.27001953125,5588.27001953125
2024-07-24,76.7,85.38449999999999,5427.1298828125,5427.1298828125,5427.1298828125
2024-07-31,83.93,84.34349999999999,5522.2998046875,5522.2998046875,5522.2998046875
2024-08-07,75.33,83.449,5199.5,5199.5,5199.5
2024-08-14,56.57,81.0835,5455.2099609375,5455.2099609375,5455.2099609375
2024-08-21,74.68,80.6055,5620.85009765625,5620.85009765625,5620.85009765625
2024-08-28,81.34,80.5765,5592.18017578125,5592.18017578125,5592.18017578125
2024-09-04,70.65,80.96,5520.06982421875,5520.06982421875,5520.06982421875
2024-09-11,71.93,81.5825,5554.1298828125,5554.1298828125,5554.1298828125
2024-09-18,87.46,82.857,5618.259765625,5618.259765625,5618.259765625
2024-09-25,86.64,82.6115,5722.259765625,5722.259765625,5722.259765625
2024-10-02,86.93,82.49549999999999,5709.5400390625,5709.5400390625,5709.5400390625
2024-10-09,90.26,82.286,5792.0400390625,5792.0400390625,5792.0400390625
2024-10-16,81.68,81.7595,5842.47021484375,5842.47021484375,5842.47021484375
2024-10-23,79.13,82.2835,5797.419921875,5797.419921875,5797.419921875
2024-10-30,82.53,82.095,5813.669921875,5813.669921875,5813.669921875
2024-11-06,88.31,82.2475,5929.0400390625,5929.0400390625,5929.0400390625
2024-11-13,91.6,82.5555,5985.3798828125,5985.3798828125,5985.3798828125
2024-11-20,91.33,81.939,5917.10986328125,5917.10986328125,5917.10986328125
2024-11-27,98.93,82.1935,5998.740234375,5998.740234375,5998.740234375
2024-12-04,85.49,82.071,6086.490234375,6086.490234375,6086.490234375
2024-12-11,99.24,83.19800000000001,6084.18994140625,6084.18994140625,6084.18994140625
2024-12-18,82.5,83.1265,5872.16015625,5872.16015625,5872.16015625
2024-12-25,80.39,83.3795,6040.0400390625,6040.0400390625,6040.0400390625
2025-01-01,64.1,83.756,5881.6298828125,5881.6298828125,5881.6298828125
2025-01-08,65.38,83.29100000000001,5918.25,5918.25,5918.25
2025-01-15,70.21,82.7345,5949.91015625,5949.91015625,5949.91015625
2025-01-22,86.08,83.506,6086.3701171875,6086.3701171875,6086.3701171875
2025-01-29,68.28,83.3235,6039.31005859375,6039.31005859375,6039.31005859375
2025-02-05,84.91,83.196,6061.47998046875,6061.47998046875,6061.47998046875
2025-02-12,75.62,82.645,6051.97021484375,6051.97021484375,6051.97021484375
2025-02-19,91.48,82.8725,6144.14990234375,6144.14990234375,6144.14990234375
2025-02-26,87.87,82.75300000000001,5956.06005859375,5956.06005859375,5956.06005859375
2025-03-05,74.96,82.417,5842.6298828125,5842.6298828125,5842.6298828125
2025-03-12,68.8,81.9005,5599.2998046875,5599.2998046875,5599.2998046875
2025-03-19,64.64,81.006,5675.2900390625,5675.2900390625,5675.2900390625
2025-03-26,57.55,79.46799999999999,5712.2001953125,5712.2001953125,5712.2001953125
2025-04-02,49.37,77.35650000000001,5670.97021484375,5670.97021484375,5670.97021484375
2025-04-09,56.96,75.638,5456.89990234375,5456.89990234375,5456.89990234375
2025-04-16,35.16,72.44949999999999,5275.7001953125,5275.7001953125,5275.7001953125
2025-04-23,40.67,70.2085,5375.85986328125,5375.85986328125,5375.85986328125
2025-04-30,59.92,68.2425,5569.06005859375,5569.06005859375,5569.06005859375
2025-05-07,81.06,68.1705,5631.27978515625,5631.27978515625,5631.27978515625
2025-05-14,70.56,67.679,5892.580078125,5892.580078125,5892.580078125
2025-05-21,80.87,68.51750000000001,5844.60986328125,5844.60986328125,5844.60986328125
2025-05-28,88.41,69.669,5888.5498046875,5888.5498046875,5888.5498046875
2025-06-04,81.62,70.23949999999999,5970.81005859375,5970.81005859375,5970.81005859375
2025-06-11,82.66,70.0685,6022.240234375,6022.240234375,6022.240234375
2025-06-18,94.09,71.35900000000001,5980.8701171875,5980.8701171875,5980.8701171875
2025-06-25,81.41,71.184,6092.16015625,6092.16015625,6092.16015625
2025-07-02,99.3,72.36800000000001,6227.419921875,6227.419921875,6227.419921875
2025-07-09,86.28,72.108,6263.259765625,6263.259765625,6263.259765625
2025-07-16,83.69,71.899,6263.7001953125,6263.7001953125,6263.7001953125
2025-07-23,81.07,72.20450000000001,6358.91015625,6358.91015625,6358.91015625
2025-07-30,76.85,72.607,6362.89990234375,6362.89990234375,6362.89990234375
2025-08-06,96.26,74.188,6345.06005859375,6345.06005859375,6345.06005859375
2025-08-13,85.66,75.5935,6466.580078125,6466.580078125,6466.580078125
2025-08-20,98.15,78.0325,6395.77978515625,6395.77978515625,6395.77978515625
2025-08-27,92.94,79.83149999999999,6481.39990234375,6481.39990234375,6481.39990234375
2025-09-03,81.58,82.1525,6448.259765625,6448.259765625,6448.259765625
2025-09-10,86.11,84.4245,6532.0400390625,6532.0400390625,6532.0400390625
2025-09-17,84.76,85.6665,6600.35009765625,6600.35009765625,6600.35009765625
2025-09-24,86.24,85.9255,6637.97021484375,6637.97021484375,6637.97021484375
2025-10-01,80.66,86.43050000000001,6711.2001953125,6711.2001953125,6711.2001953125
2025-10-08,84.57,86.6155,6753.72021484375,6753.72021484375,6753.72021484375
2025-10-15,84.87,86.4385,6671.06005859375,6671.06005859375,6671.06005859375
2025-10-22,90.35,86.875,6699.39990234375,6699.39990234375,6699.39990234375
2025-10-29,100.83,87.7835,6890.58984375,6890.58984375,6890.58984375
2025-11-05,90.06,87.582,6796.2900390625,6796.2900390625,6796.2900390625
2025-11-12,87.87,87.905,6850.919921875,6850.919921875,6850.919921875
2025-11-19,86.56,87.268,6642.16015625,6642.16015625,6642.16015625
2025-11-26,89.92,87.45,6812.60986328125,6812.60986328125,6812.60986328125
2025-12-03,98.57,88.19399999999999,6849.72021484375,6849.72021484375,6849.72021484375
2025-12-10,97.13,88.99699999999999,6886.68017578125,6886.68017578125,6886.68017578125
2025-12-17,100.7,90.1895,6721.43017578125,6721.43017578125,6721.43017578125
2025-12-24,95.08,90.13050000000001,6932.0498046875,6932.0498046875,6932.0498046875
2025-12-31,92.93,90.494,6845.5,6845.5,6845.5
2026-01-07,97.72,90.4725,6920.93017578125,6920.93017578125,6920.93017578125
2026-01-14,96.01,90.626,6926.60009765625,6926.60009765625,6926.60009765625
2026-01-21,88.46,90.97,6875.6201171875,6875.6201171875,6875.6201171875
2026-01-28,92.58,91.2935,6978.02978515625,6978.02978515625,6978.02978515625
2026-02-04,84.93,91.30199999999999,6882.72021484375,6882.72021484375,6882.72021484375
2026-02-11,80.61,91.0205,6941.47021484375,6941.47021484375,6941.47021484375
2026-02-18,82.87,91.131,6881.31005859375,6881.31005859375,6881.31005859375
